1,48:13.428N,12:37.728E,410M,AT,Altotting, Dir: 90/270 Dim: 800/50
2,49:07.680N,12:58.410E,540M,AT,Arnbruck, Dir: 160/340 Dim: 600/30
3,49:44.610N,14:38.160E,390M,AT,Benesov, Dir: 90/270 Dim: 800/50
4,49:40.380N,17:17.496E,240M,AT,Bohunovice, Dir: 75/255 Dim: 800/40
5,48:27.348N,17:31.584E,203M,AT,Boleraz, Dir: 140/320 Dim: 1250/79
6,48:10.332N,17:12.690E,134M,AT,Bratislava, Dir: 40/220 Dim: 1000/30
7,48:47.598N,16:53.322E,160M,AT,Breclav, Dir: 80/260 Dim: 800/80
8,49:09.132N,16:41.472E,238M,AT,Turany, Dir: 95/275 Dim: 1000/30
9,50:33.732N,16:20.070E,390M,AT,Broumov, Dir: 138/318 Dim: 900/120
10,49:58.530N,14:10.374E,420M,AT,Bubovice, Dir: 100/280 Dim: 710/80
11,49:56.868N,15:21.972E,230M,AT,Caslav, Dir: 140/320 Dim: 2400/60
12,50:42.786N,14:33.360E,280M,AT,Ceska Lipa, Dir: 130/310 Dim: 700/50
13,48:56.904N,14:25.452E,420M,AT,Ceske Budejovice, Dir: 90/270 Dim: 800/30
14,49:13.020N,12:38.502E,380M,AT,Cham Janahof, Dir: 100/280 Dim: 600/30
15,50:44.862N,12:49.110E,360M,AT,Chemnitz Jahns, Dir: 70/250 Dim: 600/30
16,49:58.704N,16:10.818E,260M,AT,Chocen, Dir: 148/328 Dim: 600/40
17,50:28.656N,13:27.762E,330M,AT,Chomutov, Dir: 40/220 Dim: 1200/100
18,49:41.148N,15:40.248E,590M,AT,Chotebor, Dir: 170/350 Dim: 1010/150
19,49:56.640N,15:46.380E,290M,AT,Chrudim, Dir: 61/241 Dim: 980/160
20,48:50.202N,12:51.504E,314M,AT,Deggendorf, Dir: 90/270 Dim: 600/30
21,48:55.650N,15:17.418E,520M,AT,Dobersberg, Dir: 120/300 Dim: 750/40
22,48:59.814N,18:11.532E,235M,AT,Dubnica, Dir: 50/230 Dim: 1110/80
23,50:24.870N,15:49.800E,290M,AT,Dvur Kralove, Dir: 100/280 Dim: 860/80
24,48:23.850N,12:42.600E,405M,AT,Eggenfelden, Dir: 90/270 Dim: 1200/40
25,49:48.312N,13:01.356E,480M,AT,Erpuzice, Dir: 110/290 Dim: 800/70
26,49:35.376N,18:22.752E,439M,AT,Frydlant, Dir: 80/260 Dim: 800/80
27,48:31.548N,13:19.842E,410M,AT,Furstenzell, Dir: 160/340 Dim: 600/40
28,50:16.170N,18:40.368E,253M,AT,Gliwice, Dir: 80/260 Dim: 770/80
29,50:38.706N,13:06.798E,650M,AT,Grossruckersw, Dir: 100/280 Dim: 1000/50
30,49:36.114N,15:32.190E,450M,AT,Havlickuv Brod, Dir: 110/290 Dim: 1000/50
31,50:39.426N,15:04.260E,410M,AT,Hodkovice, Dir: 10/190 Dim: 980/80
32,49:18.864N,17:34.134E,232M,AT,Holesov, Dir: 110/290 Dim: 1810/80
33,48:48.930N,17:08.148E,160M,AT,Holic, Dir: 50/230 Dim: 1200/100
34,50:21.492N,15:34.422E,280M,AT,Horice, Dir: 130/310 Dim: 800/40
35,49:51.078N,13:52.626E,380M,AT,Horovice, Dir: 63/243 Dim: 1100/30
36,49:02.484N,14:29.244E,480M,AT,Hosin, Dir: 60/240 Dim: 1000/50
37,50:15.336N,15:50.196E,240M,AT,Hradec Kralove, Dir: 166/346 Dim: 800/30
38,49:32.766N,17:42.264E,244M,AT,Hranice, Dir: 50/230 Dim: 740/80
39,50:19.920N,15:57.270E,270M,AT,Jaromer, Dir: 145/325 Dim: 900/80
40,50:54.054N,15:46.218E,340M,AT,Jelenia Gora, Dir: 110/290 Dim: 800/60
41,50:25.920N,15:19.500E,270M,AT,Jicin, Dir: 120/300 Dim: 1000/40
42,49:25.224N,15:37.788E,550M,AT,Jihlava, Dir: 102/282 Dim: 920/160
43,49:09.162N,14:57.714E,500M,AT,Jindrichuv Hrad, Dir: 70/250 Dim: 800/60
44,50:12.318N,12:53.892E,600M,AT,Karlovy Vary, Dir: 110/290 Dim: 1000/30
45,50:07.326N,14:31.740E,280M,AT,Kbely, Dir: 56/236 Dim: 800/30
46,48:14.724N,12:57.654E,350M,AT,Kirchdorf, Dir: 40/220 Dim: 700/50
47,50:06.750N,14:04.842E,430M,AT,Kladno, Dir: 130/310 Dim: 900/150
48,49:25.212N,13:18.708E,400M,AT,Klatovy, Dir: 90/270 Dim: 800/50
49,50:00.198N,15:10.080E,270M,AT,Kolin, Dir: 30/210 Dim: 900/100
50,48:12.066N,17:28.320E,122M,AT,Kralova, Dir: 100/280 Dim: 830/80
51,48:26.520N,15:37.980E,330M,AT,Krems, Dir: 110/290 Dim: 900/40
52,49:22.344N,16:06.624E,550M,AT,Krizanov, Dir: 140/320 Dim: 680/80
53,49:52.242N,12:45.498E,630M,AT,Krizenec, Dir: 80/260 Dim: 700/30
54,50:04.500N,17:41.334E,375M,AT,Krnov, Dir: 120/300 Dim: 740/80
55,49:17.244N,17:24.750E,190M,AT,Kromeriz, Dir: 30/210 Dim: 800/40
56,49:01.926N,17:26.130E,180M,AT,Kunovice, Dir: 30/210 Dim: 800/40
57,50:13.266N,18:19.350E,196M,AT,Kuzina Raciborsk, Dir: 90/270 Dim: 700/80
58,48:58.896N,17:07.344E,200M,AT,Kyjov, Dir: 150/330 Dim: 1000/120
59,48:14.148N,16:40.110E,150M,AT,Leopoldsdorf+, Dir: 145/325 Dim: 500/40
60,49:43.398N,13:26.250E,400M,AT,Letkov, Dir: 80/260 Dim: 700/50
61,50:08.118N,14:30.720E,270M,AT,Letnany, Dir: 51/231 Dim: 800/80
62,50:46.476N,15:00.594E,400M,AT,Liberec, Dir: 156/336 Dim: 1000/50
63,48:14.520N,14:10.446E,290M,AT,Linz, Dir: 80/260 Dim: 800/30
64,48:18.816N,14:19.008E,250M,AT,Linz Ost, Dir: 145/325 Dim: 800/80
65,48:24.198N,17:07.314E,210M,AT,Malacky, Dir: 25/205 Dim: 2400/50
66,48:37.152N,18:19.782E,183M,AT,Male Bielice, Dir: 80/260 Dim: 1110/80
67,49:55.554N,12:42.456E,530M,AT,Marianske Lazne, Dir: 150/330 Dim: 1000/80
68,49:14.334N,16:33.006E,284M,AT,Medlanky, Dir: 153/333 Dim: 920/80
69,50:18.234N,17:18.306E,390M,AT,Mikulovice, Dir: 50/230 Dim: 1000/90
70,50:23.730N,14:53.286E,230M,AT,Mlada Boleslav, Dir: 160/340 Dim: 800/150
71,50:32.448N,14:59.574E,250M,AT,Mnichovo Hrad, Dir: 70/250 Dim: 1000/50
72,49:47.940N,16:41.016E,400M,AT,Moravska Trebova, Dir: 85/265 Dim: 800/60
73,50:31.572N,13:40.320E,320M,AT,Most, Dir: 20/200 Dim: 900/80
74,49:10.188N,16:07.098E,460M,AT,Namest, Dir: 130/310 Dim: 2400/50
75,48:16.770N,18:07.968E,134M,AT,Nitra, Dir: 150/330 Dim: 1080/80
76,50:21.792N,16:06.480E,300M,AT,Nove Mesto, Dir: 80/260 Dim: 900/40
77,50:10.290N,15:03.126E,190M,AT,Nymburk, Dir: 90/270 Dim: 600/40
78,49:35.340N,17:12.366E,250M,AT,Olomouc, Dir: 100/280 Dim: 750/80
79,50:31.752N,18:05.118E,207M,AT,Opole Kamien, Dir: 110/290 Dim: 2300/80
80,50:37.998N,17:46.902E,189M,AT,Opole Polska, Dir: 70/250 Dim: 740/80
81,49:41.766N,18:06.648E,256M,AT,Ostrava Mosnov, Dir: 40/220 Dim: 3490/80
82,49:11.898N,17:31.068E,183M,AT,Otrokovice Zlin, Dir: 170/350 Dim: 650/80
83,48:25.740N,15:11.784E,850M,AT,Ottenschlag+, Dir: 50/230 Dim: 600/40
84,50:18.792N,13:55.068E,360M,AT,Panensky Tynec, Dir: 86/266 Dim: 2500/40
85,50:00.738N,15:44.040E,230M,AT,Pardubice, Dir: 91/271 Dim: 2500/75
86,48:25.626N,12:50.988E,390M,AT,Pfarrkirchen, Dir: 70/250 Dim: 720/30
87,48:37.500N,17:49.716E,168M,AT,Piestany, Dir: 10/190 Dim: 1990/80
88,49:55.380N,13:22.110E,390M,AT,Plasy, Dir: 30/210 Dim: 800/50
89,49:40.602N,13:15.360E,360M,AT,Plzen Line, Dir: 60/240 Dim: 800/30
90,49:56.526N,15:32.526E,380M,AT,Podhorany, Dir: 70/250 Dim: 730/75
91,49:44.442N,16:14.904E,580M,AT,Policka, Dir: 155/335 Dim: 1500/100
92,50:06.486N,14:14.862E,350M,AT,Ruzyne, Dir: 60/240 Dim: 1200/80
93,49:25.710N,17:24.300E,200M,AT,Prerov, Dir: 60/240 Dim: 2500/100
94,49:43.410N,14:05.676E,450M,AT,Pribram, Dir: 60/240 Dim: 1400/80
95,49:34.812N,15:45.336E,520M,AT,Pribyslav, Dir: 77/257 Dim: 765/150
96,48:45.966N,18:35.202E,259M,AT,Prievidza, Dir: 40/220 Dim: 950/80
97,49:26.868N,17:08.034E,210M,AT,Prostejov, Dir: 120/300 Dim: 1000/60
98,50:05.742N,13:40.878E,370M,AT,Rakovnik, Dir: 90/270 Dim: 900/160
99,50:24.336N,13:44.160E,260M,AT,Rana, Dir: 110/290 Dim: 800/70
100,48:13.140N,13:20.040E,430M,AT,Ried Kirchheim, Dir: 120/300 Dim: 800/80
101,50:24.738N,14:12.894E,210M,AT,Roudnice, Dir: 130/310 Dim: 1400/90
102,50:04.248N,18:37.698E,256M,AT,Rybnik Gotar, Dir: 90/270 Dim: 650/80
103,50:19.788N,14:14.790E,235M,AT,Sazena, Dir: 145/325 Dim: 1300/150
104,48:24.342N,13:26.022E,340M,AT,Schaerding, Dir: 140/320 Dim: 800/80
105,48:39.714N,17:19.560E,186M,AT,Senica, Dir: 120/300 Dim: 1000/90
106,49:49.866N,15:59.826E,470M,AT,Skutec, Dir: 120/300 Dim: 900/200
107,50:13.146N,14:04.596E,320M,AT,Slany, Dir: 70/250 Dim: 800/40
108,49:14.958N,14:42.294E,410M,AT,Sobeslav, Dir: 180/360 Dim: 750/40
109,48:41.418N,13:40.890E,820M,AT,Sonnen, Dir: 20/200 Dim: 700/30
110,48:06.252N,16:55.680E,190M,AT,Spitzerberg, Dir: 150/330 Dim: 700/50
111,49:34.176N,13:02.364E,425M,AT,Stankov, Dir: 70/250 Dim: 700/50
112,49:29.442N,17:03.000E,250M,AT,Stichovice, Dir: 129/309 Dim: 900/40
113,48:24.588N,16:11.136E,190M,AT,Stockerau, Dir: 68/248 Dim: 700/40
114,49:15.222N,13:52.836E,410M,AT,Strakonice, Dir: 130/310 Dim: 800/150
115,49:05.184N,14:03.852E,470M,AT,Strunkovice, Dir: 150/330 Dim: 900/100
116,49:57.726N,17:00.810E,330M,AT,Sumperk, Dir: 180/360 Dim: 800/80
117,49:23.988N,14:41.556E,430M,AT,Tabor, Dir: 120/300 Dim: 1100/100
118,49:26.400N,14:36.420E,490M,AT,Tabor Vsechov, Dir: 130/310 Dim: 1400/50
119,49:48.036N,12:41.370E,480M,AT,Tachov, Dir: 90/270 Dim: 1110/50
120,49:59.100N,14:25.548E,320M,AT,Tocna, Dir: 95/275 Dim: 800/25
121,50:05.304N,12:56.358E,640M,AT,Touzim, Dir: 80/260 Dim: 800/80
122,48:51.852N,17:59.532E,207M,AT,Trencin, Dir: 40/220 Dim: 1990/80
123,48:23.916N,17:36.348E,154M,AT,Trnava, Dir: 30/210 Dim: 700/80
124,48:19.332N,16:07.098E,170M,AT,Tulln, Dir: 85/265 Dim: 700/40
125,49:58.734N,16:25.326E,400M,AT,Usti nad Orlici, Dir: 150/330 Dim: 900/100
126,50:42.000N,13:57.588E,230M,AT,Usti Nad Labem+, Dir: 50/230 Dim: 800/50
127,50:28.122N,16:12.000E,400M,AT,Velke Porici, Dir: 90/270 Dim: 750/80
128,48:38.160N,13:11.220E,310M,AT,Vilshofen, Dir: 120/300 Dim: 1100/30
129,49:43.770N,14:52.206E,430M,AT,Vlasim, Dir: 130/310 Dim: 800/80
130,50:13.242N,14:22.902E,270M,AT,Vodochody, Dir: 100/280 Dim: 2500/50
131,48:09.750N,15:34.704E,330M,AT,Voeltendorf, Dir: 80/260 Dim: 600/30
132,50:37.524N,15:38.472E,490M,AT,Vrchlabi, Dir: 110/290 Dim: 850/130
133,49:18.246N,17:01.278E,270M,AT,Vyskov, Dir: 20/200 Dim: 1300/60
134,49:55.806N,16:10.566E,290M,AT,Vysoke Myto, Dir: 140/320 Dim: 1000/80
135,48:11.442N,14:02.154E,330M,AT,Wels, Dir: 90/270 Dim: 900/40
136,48:06.450N,16:34.128E,180M,AT,Schwechat, Dir: 160/340 Dim: 1000/30
137,49:55.698N,18:04.698E,241M,AT,Zabreh, Dir: 100/280 Dim: 890/80
138,50:05.118N,16:26.292E,430M,AT,Zamberk, Dir: 120/300 Dim: 800/80
139,50:19.392N,13:29.820E,260M,AT,Zatec, Dir: 110/290 Dim: 1100/50
140,49:48.768N,15:11.328E,490M,AT,Zbraslavice, Dir: 150/330 Dim: 780/150
141,49:13.998N,18:36.816E,311M,AT,Zilna Dolny, Dir: 60/240 Dim: 1140/80
142,48:49.242N,16:03.636E,250M,AT,Znojmo, Dir: 80/260 Dim: 800/50
143,50:42.078N,12:26.238E,310M,AT,Zwickau, Dir: 60/240 Dim: 800/50
144,50:14.226N,14:54.462E,200M,AT,Milovice, Dir: 96/276 Dim: 2400/60
145,50:37.200N,14:43.464E,280M,AT,Hradcany, Dir: 95/275 Dim: 2400/50
146,49:16.314N,14:29.826E,440M,AT,Bechyne, Dir: 118/298 Dim: 800/30
147,48:49.500N,13:21.174E,440M,AT,Grafenau+, Dir: 170/350 Dim: 500/30
148,50:06.890N,12:28.508E,422M,T,SILO,
149,49:58.152N,12:29.250E,929M,T,VYSILAC,
150,50:18.660N,12:29.328E,704M,T,VYSILAC,
151,50:09.066N,12:29.424E,440M,T,ZAMEK,
152,50:02.916N,12:29.766E,494M,T,ZAMEK,
153,50:20.388N,12:29.988E,681M,T,ZRICENINA,
154,50:08.760N,12:31.116E,565M,T,VYSILAC,
155,50:06.180N,12:31.284E,460M,T,ZAMEK,
156,50:19.980N,12:31.308E,809M,T,VYSILAC,
157,49:45.540N,12:31.434E,650M,T,ZAMEK,
158,50:14.916N,12:32.484E,555M,T,VYSILAC,
159,50:07.940N,12:33.033E,444M,T,KOMIN ,
160,50:17.910N,12:33.054E,598M,T,VYSILAC,
161,50:13.380N,12:33.114E,520M,T,HRAD,
162,50:00.816N,12:33.588E,590M,T,ZRICENINA,
163,49:38.340N,12:35.214E,501M,T,ZAMEK,
164,50:17.040N,12:35.724E,670M,T,ZAMEK,
165,50:09.270N,12:35.994E,405M,T,EL.TISOVA,
166,50:18.228N,12:35.994E,626M,T,ZAMEK,
167,50:19.362N,12:36.054E,698M,T,VYSILAC,
168,50:09.223N,12:36.300E,394M,T,KOMINY ,
169,49:28.806N,12:39.144E,668M,T,ZRICENINA,
170,50:01.716N,12:39.342E,820M,T,ZAMEK,
171,50:11.090N,12:39.700E,400M,T,KOMINY ,
172,49:54.846N,12:40.938E,535M,T,ZAMEK,
173,50:22.320N,12:41.082E,833M,T,NOVE HAMRY TV,
174,49:57.757N,12:41.217E,570M,T,KOMIN ,
175,50:15.590N,12:41.467E,480M,T,KOMIN ,
176,49:41.010N,12:41.664E,538M,T,ZRICENINA,
177,49:46.602N,12:42.204E,494M,T,ZAMEK,
178,50:27.060N,12:43.104E,797M,T,POTUCKY TV,
179,50:03.060N,12:43.152E,730M,T,PRAMENY ZAM,
180,50:19.452N,12:43.494E,600M,T,NEJDEK ZR,
181,50:11.640N,12:44.574E,480M,T,LOKET HR,
182,49:51.762N,12:44.604E,603M,T,VYSILAC,
183,49:58.482N,12:45.318E,838M,T,PODHORNI VRH TV,
184,49:33.828N,12:45.456E,460M,T,HOSTOUN ZAM,
185,49:54.900N,12:45.624E,631M,T,LAZUROVA HORA ZR,
186,50:24.036N,12:46.032E,1037M,T,BLATENSKY TV,
187,49:37.752N,12:47.016E,505M,T,BERNARTICE ZAM,
188,50:09.120N,12:47.604E,637M,T,HORNI SLAVKOV TV,
189,50:05.580N,12:48.636E,663M,T,BECOV HR,
190,50:14.557N,12:49.083E,370M,T,STOZAR,
191,49:51.228N,12:49.884E,518M,T,KOREN ZAM,
192,49:25.380N,12:50.004E,455M,T,TRHANOV ZAM,
193,49:21.870N,12:50.484E,571M,T,FOLMAVA TV,
194,49:48.600N,12:51.084E,632M,T,VOLFSTEIN ZR,
195,50:19.410N,12:51.252E,679M,T,MERKLIN TV,
196,50:13.050N,12:51.990E,499M,T,KARLOVY VARY HR,
197,50:14.823N,12:52.767E,370M,T,KOMIN ,
198,49:32.748N,12:53.736E,395M,T,ANNABURG ZAM,
199,49:45.990N,12:53.820E,395M,T,SVOJSIN ZAM,
200,49:39.462N,12:54.228E,462M,T,PROSTIBOR HR,
201,50:18.318N,12:54.816E,420M,T,OSTROV ZAM,
202,49:52.686N,12:55.080E,614M,T,KRASIKOV ZR,
203,49:49.182N,12:56.028E,515M,T,SLAVICE ZAM,
204,50:08.244N,12:56.214E,680M,T,JAVORNA ZAM,
205,50:18.157N,12:56.550E,400M,T,KOMIN ,
206,50:12.420N,12:56.952E,652M,T,ANDELSKA HORA ZR,
207,49:25.799N,12:57.099E,414M,T,SILO,
208,49:25.847N,12:57.144E,414M,T,SILO,
209,49:25.797N,12:57.158E,418M,T,SILO,
210,50:03.360N,12:58.452E,615M,T,TOUZIM ZAM,
211,49:59.148N,12:58.512E,638M,T,NOVY DVUR ZAM,
212,50:24.864N,12:58.794E,922M,T,EL.LOUCNA,
213,49:30.240N,12:59.442E,380M,T,PRIVOZEC ZAM,
214,50:16.992N,12:59.832E,360M,T,VELICHOV ZAM,
215,49:35.226N,12:59.904E,410M,T,CECOVICE ZAM,
216,49:45.210N,13:00.156E,465M,T,STRIBRO TV,
217,50:20.316N,13:00.564E,471M,T,HORNI HRAD,
218,49:53.256N,13:00.582E,492M,T,FALKENSTEIN ZR,
219,49:41.160N,13:01.404E,435M,T,ALFREDOV ZAM,
220,50:08.700N,13:01.464E,682M,T,HARTENSTEIN ZR,
221,49:24.762N,13:02.214E,683M,T,NOVY HERSTEJN ZR,
222,49:28.620N,13:03.726E,450M,T,KANICE ZAM,
223,49:59.784N,13:04.140E,710M,T,KRASOV TV,
224,49:42.990N,13:04.506E,380M,T,VLKYS ZAM,
225,49:33.192N,13:05.562E,463M,T,LACEMBOK ZR,
226,50:26.340N,13:06.550E,810M,T,WIND POWER PL,
227,50:26.457N,13:06.633E,803M,T,WIND POWER PL,
228,49:46.716N,13:06.726E,415M,T,PNOVANY ZAM,
229,50:26.290N,13:06.750E,795M,T,WIND POWER PL,
230,50:26.757N,13:06.800E,790M,T,WIND POWER PL,
231,50:26.607N,13:06.817E,788M,T,WIND POWER PL,
232,50:26.890N,13:06.833E,776M,T,WIND POWER PL,
233,50:26.423N,13:06.850E,786M,T,WIND POWER PL,
234,50:27.040N,13:06.917E,760M,T,WIND POWER PL,
235,49:21.552N,13:07.344E,594M,T,POCINOVICE TV,
236,50:29.424N,13:07.446E,749M,T,KRYSTOFOVY HAMRY,
237,50:27.073N,13:08.283E,804M,T,WIND POWER PL,
238,50:26.790N,13:08.300E,866M,T,WIND POWER PL,
239,50:26.940N,13:08.383E,838M,T,WIND POWER PL,
240,49:57.216N,13:08.424E,570M,T,NECTINY ZAM,
241,50:26.823N,13:08.517E,854M,T,WIND POWER PL,
242,50:26.957N,13:08.633E,830M,T,WIND POWER PL,
243,49:51.060N,13:08.712E,510M,T,CHRANCOVICE ZAM,
244,50:26.990N,13:08.967E,812M,T,WIND POWER PL,
245,50:05.058N,13:09.144E,599M,T,NEVDEK ZR,
246,50:27.057N,13:09.283E,815M,T,WIND POWER PL,
247,50:26.990N,13:09.833E,846M,T,WIND POWER PL,
248,50:27.090N,13:09.900E,849M,T,WIND POWER PL,
249,49:28.296N,13:09.942E,480M,T,CHUDENICE ZAM,
250,50:26.923N,13:10.017E,842M,T,WIND POWER PL,
251,50:27.157N,13:10.083E,856M,T,WIND POWER PL,
252,50:22.092N,13:10.170E,507M,T,EGRBERK ZR,
253,50:26.973N,13:10.200E,838M,T,WIND POWER PL,
254,50:27.090N,13:10.267E,841M,T,WIND POWER PL,
255,50:27.307N,13:10.317E,865M,T,WIND POWER PL,
256,50:27.190N,13:10.417E,853M,T,WIND POWER PL,
257,50:27.307N,13:10.533E,872M,T,WIND POWER PL,
258,49:46.532N,13:10.585E,395M,T,SILO,
259,49:10.644N,13:11.184E,1182M,T,MALY SPICAK TV,
260,49:33.750N,13:11.184E,386M,T,MERKLIN ZAM,
261,49:22.872N,13:12.384E,415M,T,BEZDEKOV ZAM,
262,49:07.530N,13:13.068E,790M,T,DEBRNIK ZAM,
263,49:17.676N,13:13.746E,520M,T,STRAZOV TV,
264,49:35.970N,13:14.346E,366M,T,PRESTAVLKY ZAM,
265,49:10.836N,13:14.364E,1193M,T,PANCIR TV,
266,50:30.323N,13:14.417E,810M,T,WIND POWER PL,
267,49:32.340N,13:14.454E,459M,T,ROUPOV ZR,
268,50:30.473N,13:14.483E,830M,T,WIND POWER PL,
269,50:30.490N,13:14.733E,830M,T,WIND POWER PL,
270,50:25.350N,13:14.670E,360M,T,PRUNEROV,
271,49:54.126N,13:15.534E,496M,T,DOLNI BELA ZR,
272,49:47.520N,13:15.744E,404M,T,KOMBERK ZR,
273,50:18.552N,13:16.464E,320M,T,VINTIROV ZAM,
274,50:11.520N,13:16.764E,512M,T,NEPOMYSL ZR,
275,49:18.210N,13:17.082E,590M,T,BESINY TV,
276,49:28.242N,13:17.112E,449M,T,SVIHOV TV,
277,50:02.490N,13:17.364E,523M,T,RABSTEJN ZR,
278,49:33.024N,13:18.366E,360M,T,LUZANY ZAM,
279,49:15.228N,13:18.894E,800M,T,KUNKOVICE ZAM,
280,49:34.740N,13:19.883E,350M,T,KOMIN,
281,49:26.760N,13:20.016E,410M,T,OTIN ZAM,
282,50:23.190N,13:20.100E,300M,T,KOMIN ,
283,49:41.850N,13:20.142E,355M,T,PLZEN LITICE ZR,
284,49:44.607N,13:20.367E,350M,T,KOMIN ,
285,50:23.207N,13:20.417E,300M,T,KOMINY ,
286,50:20.382N,13:20.730E,315M,T,POLAKY ZAM,
287,50:15.096N,13:21.612E,300M,T,KRASNY DVUR ZAM,
288,50:27.288N,13:21.680E,382M,T,SILO,
289,50:27.329N,13:21.688E,384M,T,SILO,
290,50:02.772N,13:21.930E,450M,T,ZIHLE ZAM,
291,49:45.090N,13:22.333E,350M,T,TOWER,
292,50:36.408N,13:22.704E,842M,T,BRANDOV TV,
293,49:22.866N,13:22.974E,698M,T,BARAK TV,
294,49:19.344N,13:23.214E,580M,T,MLAZOVY ZAM,
295,49:45.507N,13:23.600E,350M,T,KOMIN ,
296,49:46.207N,13:24.467E,313M,T,KOMIN,
297,49:11.466N,13:24.624E,755M,T,DOL.TESOV ZAM,
298,50:27.323N,13:24.967E,340M,T,KOMINY ,
299,50:10.320N,13:25.194E,379M,T,KOZI HRAD ZR,
300,50:07.272N,13:25.590E,440M,T,PETROHRAD ZR,
301,49:13.182N,13:25.902E,560M,T,PETROVICE ZAM,
302,50:32.982N,13:26.892E,833M,T,JEDLOVA TV,
303,49:40.944N,13:27.066E,557M,T,RADYNE ZR,
304,50:00.234N,13:28.212E,510M,T,HUBENOV ZAM,
305,50:20.700N,13:28.464E,230M,T,NOVE SEDLO,
306,50:36.207N,13:28.983E,723M,T,WIND POWER PL,
307,50:36.090N,13:29.150E,715M,T,WIND POWER PL,
308,50:36.190N,13:29.167E,719M,T,WIND POWER PL,
309,50:36.173N,13:29.417E,716M,T,WIND POWER PL,
310,49:28.800N,13:29.532E,510M,T,ZINKOVY ZAM,
311,49:52.254N,13:30.096E,345M,T,KACEROV ZAM,
312,49:56.580N,13:30.192E,385M,T,KOZOJEDY ZAM,
313,49:32.934N,13:30.234E,460M,T,CHOCENICE ZAM,
314,50:37.573N,13:30.400E,752M,T,WIND POWER PL,
315,50:04.398N,13:30.468E,550M,T,SV.HUBERT ZAM,
316,49:16.044N,13:30.600E,490M,T,TEDRAZICE ZAM,
317,50:16.044N,13:31.476E,260M,T,MECHOLUPY ZAM,
318,50:41.820N,13:32.106E,798M,T,CESKY JIRETIN TV,
319,50:38.523N,13:32.283E,817M,T,WIND POWER PL,
320,50:38.240N,13:32.517E,796M,T,WIND POWER PL,
321,49:20.460N,13:32.724E,560M,T,PRASIVICE ZAM,
322,50:24.216N,13:32.976E,240M,T,VELEMYSLEVES ZAM,
323,50:35.274N,13:33.132E,290M,T,JANOV ZAM,
324,49:10.020N,13:33.540E,924M,T,KASPERK ZR,
325,50:31.573N,13:34.017E,230M,T,KOMIN ,
326,49:29.910N,13:34.116E,520M,T,ZELENA HORA ZAM,
327,50:21.276N,13:34.134E,202M,T,STANKOVICE ZAM,
328,49:13.968N,13:34.188E,510M,T,PODMOKLY ZAM,
329,49:46.734N,13:34.896E,400M,T,OSEK ZAM,
330,50:34.757N,13:35.317E,250M,T,KOMIN ,
331,49:16.926N,13:35.658E,567M,T,RABI ZR,
332,50:34.223N,13:35.683E,250M,T,KOMIN ,
333,50:33.690N,13:35.917E,250M,T,KOMIN ,
334,50:35.107N,13:36.067E,297M,T,KOMIN,
335,50:34.007N,13:36.583E,250M,T,KOMINY ,
336,50:33.740N,13:36.600E,250M,T,KOMINY ,
337,50:34.240N,13:36.983E,250M,T,KOMINY ,
338,50:34.157N,13:37.083E,250M,T,KOMIN,
339,50:04.098N,13:37.260E,400M,T,PETROVICE ZAM,
340,49:09.600N,13:37.644E,730M,T,ZUKLIN ZAM,
341,50:01.542N,13:37.872E,446M,T,KRAKOVEC ZR,
342,49:08.484N,13:38.484E,1073M,T,JAVORNIK TV,
343,50:38.832N,13:38.784E,879M,T,EL.DLOUHA LOUKA,
344,49:42.468N,13:39.144E,468M,T,DOBRIV TV,
345,49:18.023N,13:39.150E,432M,T,KOMIN ,
346,49:49.440N,13:39.474E,716M,T,RADEC TV,
347,50:25.944N,13:39.744E,220M,T,EL.POCERADY,
348,50:43.176N,13:39.744E,810M,T,MOLDAVA TV,
349,50:37.758N,13:39.894E,460M,T,OSEK ZR,
350,49:26.040N,13:40.092E,610M,T,OSELCE ZAM,
351,49:18.996N,13:40.224E,507M,T,PRACHEN ZR,
352,50:07.753N,13:41.034E,360M,T,OLESNA ZAM,
353,49:04.896N,13:41.154E,740M,T,ZDIKOV ZAM,
354,48:55.320N,13:41.244E,1109M,T,KUNZVART ZR,
355,50:41.328N,13:41.244E,830M,T,EL.BOURNAK,
356,50:14.628N,13:42.036E,470M,T,PRAVDA ZR,
357,49:08.640N,13:42.066E,749M,T,VACOV TV,
358,49:15.738N,13:42.072E,571M,T,FRYMBURK ZR,
359,49:59.940N,13:42.306E,400M,T,SLABCE ZAM,
360,49:40.380N,13:42.384E,591M,T,DRSTKA ZR,
361,50:29.132N,13:42.765E,253M,T,SILO,
362,50:06.257N,13:43.050E,350M,T,KOMIN,
363,50:05.859N,13:43.096E,350M,T,SILO,
364,50:05.882N,13:43.129E,350M,T,SILO,
365,50:18.840N,13:43.908E,263M,T,NOVY HRAD HR,
366,50:02.538N,13:44.724E,425M,T,VSETATY ZAM,
367,49:51.570N,13:45.024E,548M,T,ZBIROH HR,
368,50:10.362N,13:45.624E,410M,T,KRUSOVICE ZAM,
369,49:24.780N,13:45.768E,480M,T,POLE ZAM,
370,49:16.506N,13:45.774E,450M,T,KLADRUBY ZAM,
371,50:40.146N,13:45.792E,320M,T,DVOUHRADI ZAM,
372,48:53.376N,13:45.828E,1002M,T,STRAZNY TV,
373,49:27.540N,13:46.164E,470M,T,LNARE ZAM,
374,50:34.757N,13:46.467E,210M,T,KOMIN ,
375,50:34.840N,13:46.467E,210M,T,KOMIN ,
376,50:34.757N,13:46.483E,210M,T,KOMIN ,
377,49:33.282N,13:46.638E,640M,T,ROZELOV ZAM,
378,50:22.536N,13:46.920E,180M,T,SILO,
379,50:22.476N,13:46.923E,180M,T,SILO,
380,50:22.470N,13:46.958E,180M,T,SILO,
381,49:10.140N,13:47.472E,560M,T,CESTICE ZAM,
382,49:50.074N,13:47.591E,437M,T,SILO,
383,49:11.580N,13:47.868E,580M,T,NEMCICE ZAM,
384,49:05.700N,13:47.910E,600M,T,BOHUMILICE ZAM,
385,50:38.657N,13:48.050E,280M,T,KOMIN ,
386,50:35.694N,13:48.186E,247M,T,HOSTOMICE TV,
387,49:39.522N,13:48.504E,862M,T,PRAHA TV,
388,49:37.776N,13:48.780E,600M,T,BUKOVA ZAM,
389,50:40.107N,13:49.133E,280M,T,KOMIN ,
390,50:27.162N,13:49.614E,305M,T,LIBCEVES ZAM,
391,49:21.870N,13:49.686E,540M,T,BRATRONICE ZAM,
392,50:42.462N,13:50.712E,786M,T,KOMARI HURKA TV,
393,50:38.346N,13:50.964E,374M,T,TEPLICE TV,
394,50:02.700N,13:51.744E,348M,T,KRIVOKLAT HR,
395,49:53.940N,13:53.544E,429M,T,ZEBRAK ZR,
396,49:46.842N,13:53.634E,665M,T,VALDEK ZR,
397,49:11.550N,13:53.844E,500M,T,HOSTICE ZAM,
398,49:15.540N,13:54.033E,400M,T,KOMIN ,
399,49:08.760N,13:54.228E,520M,T,CERNETICE ZAM,
400,49:14.249N,13:54.396E,409M,T,SILO,
401,48:58.068N,13:54.942E,822M,T,HUS ZR,
402,50:04.626N,13:54.984E,389M,T,JIVNO ZR,
403,50:33.366N,13:55.122E,788M,T,MILESOVKA,
404,50:28.884N,13:55.512E,330M,T,PNETLUKY ZAM,
405,48:53.484N,13:55.584E,1025M,T,HORNI SNEZNA TV,
406,49:28.716N,13:55.740E,510M,T,KRIKAVA ZR,
407,50:22.878N,13:55.746E,180M,T,PATEK ZAM,
408,49:20.007N,13:55.817E,480M,T,STOZAR,
409,49:00.768N,13:56.094E,801M,T,ZABLATI TV,
410,49:38.460N,13:56.220E,590M,T,VYSOKA ZAM,
411,49:40.752N,13:56.220E,614M,T,KOZICIN TV,
412,49:44.742N,13:56.334E,715M,T,DRAHLIN TV,
413,50:45.732N,13:56.568E,664M,T,KRASNY LES TV,
414,49:24.150N,13:56.766E,480M,T,SKVORETICE ZAM,
415,48:47.970N,13:56.814E,767M,T,NOVE CHALUPY TV,
416,50:07.530N,13:56.844E,420M,T,LANY ZAM,
417,49:30.642N,13:57.102E,515M,T,DRAHENICE ZAM,
418,50:41.590N,13:57.317E,230M,T,KOMIN ,
419,49:18.924N,13:57.432E,450M,T,OSEK ZAM,
420,50:32.568N,13:57.804E,300M,T,VELEMIN ZAM,
421,49:50.916N,13:58.014E,310M,T,LOCHOVICE ZAM,
422,49:47.700N,13:58.044E,380M,T,JINCE ZAM,
423,50:47.388N,13:58.176E,581M,T,EL.PETROVICE,
424,49:42.540N,13:58.433E,498M,T,KOMIN ,
425,49:35.790N,13:58.764E,490M,T,TOCHOVICE ZAM,
426,50:29.682N,13:58.782E,428M,T,KOSTALOV ZR,
427,50:38.923N,13:58.917E,150M,T,KOMIN ,
428,49:42.090N,13:59.400E,530M,T,KOMIN ,
429,50:32.412N,13:59.580E,299M,T,OPARNO ZR,
430,49:08.688N,13:59.724E,658M,T,HELFENBURK ZR,
431,49:46.890N,13:59.900E,472M,T,KOMIN,
432,50:19.566N,13:59.970E,310M,T,VRANY ZAM,
433,49:16.122N,13:59.994E,380M,T,STEKEN ZAM,
434,50:26.112N,14:00.192E,365M,T,HAZMBRUK ZR,
435,49:45.060N,14:00.684E,470M,T,HLUBOS ZAM,
436,49:00.702N,14:00.726E,751M,T,PRACHATICE TV,
437,50:11.208N,14:01.140E,380M,T,SMECNO ZAM,
438,50:10.090N,14:01.400E,407M,T,KOMIN ,
439,49:56.790N,14:01.733E,230M,T,KOMIN,
440,49:54.486N,14:01.854E,340M,T,TMAN ZAM,
441,49:37.973N,14:02.009E,550M,T,SILO,
442,50:29.590N,14:02.467E,170M,T,KOMIN ,
443,49:57.407N,14:02.883E,230M,T,KOMIN,
444,49:54.990N,14:02.950E,325M,T,KOMIN,
445,48:42.420N,14:03.084E,724M,T,LIPNO,
446,49:21.678N,14:03.348E,560M,T,KOSEJRIN TV,
447,50:46.818N,14:03.726E,620M,T,DECINSKY SNEZNIK,
448,50:30.799N,14:03.812E,150M,T,SILO,
449,49:26.160N,14:04.014E,410M,T,KARLOV ZAM,
450,49:51.084N,14:04.164E,350M,T,OSOV ZAM,
451,50:17.100N,14:04.464E,241M,T,ZLONICE ZAM,
452,49:32.784N,14:05.064E,460M,T,ZALUZANY ZAM,
453,50:41.850N,14:05.274E,496M,T,BLANSKO ZR,
454,48:38.850N,14:05.508E,1012M,T,VITKUV HRADEK ZR,
455,49:35.323N,14:05.933E,592M,T,STOZAR,
456,50:40.540N,14:06.300E,140M,T,KOMINY ,
457,50:13.646N,14:06.449E,274M,T,SILO,
458,50:14.256N,14:06.588E,240M,T,BLAHOTICE ZAM,
459,50:09.773N,14:06.667E,400M,T,KOMIN ,
460,49:22.980N,14:06.984E,450M,T,VRAZ ZAM,
461,49:58.362N,14:07.104E,260M,T,SV.JAN,
462,50:37.032N,14:07.284E,480M,T,TASOV ZAM,
463,49:37.248N,14:07.392E,450M,T,SMOLOTELY ZAM,
464,50:09.423N,14:07.433E,400M,T,KOMIN ,
465,50:29.446N,14:08.905E,153M,T,SILO,
466,49:17.640N,14:09.050E,388M,T,KOMIN ,
467,49:34.800N,14:09.144E,351M,T,ORLIK PREHRADA,
468,50:27.336N,14:09.252E,160M,T,DOKSANY ZAM,
469,50:33.750N,14:09.300E,310M,T,ZITENICE ZAM,
470,49:03.630N,14:09.642E,430M,T,KRATOCHVILE ZAM,
471,49:46.878N,14:10.014E,370M,T,DOBRIS ZAM,
472,50:29.232N,14:10.044E,160M,T,HRDLY ZAM,
473,49:06.738N,14:10.332E,460M,T,LIBEJOVICE ZAM,
474,48:55.938N,14:10.488E,691M,T,KUKLOV ZR,
475,49:26.160N,14:11.004E,400M,T,ZVIKOV,
476,50:40.907N,14:11.300E,329M,T,KOMIN,
477,50:35.820N,14:11.868E,300M,T,TREBUSIN ZAM,
478,49:33.198N,14:11.886E,440M,T,KLUCENICE,
479,49:13.662N,14:12.006E,422M,T,MYSENEC ZR,
480,49:20.511N,14:12.253E,461M,T,SILO,
481,49:20.557N,14:12.254E,465M,T,SILO,
482,49:22.740N,14:12.894E,430M,T,CERVENY UJEZDEC ,
483,50:52.686N,14:13.188E,252M,T,HRENSKO TV,
484,49:38.172N,14:13.236E,352M,T,VRSKAMIK ZR,
485,50:12.090N,14:13.368E,270M,T,KOLEC ZAM,
486,50:40.540N,14:13.417E,636M,T,STOZAR,
487,49:04.368N,14:13.554E,448M,T,PODEHUSY ZR,
488,48:50.640N,14:13.626E,560M,T,CERVENY DVUR ZAM,
489,50:46.623N,14:13.700E,197M,T,KOMIN,
490,50:35.460N,14:13.884E,440M,T,LYTIS ZR,
491,50:10.500N,14:14.514E,296M,T,OKOR ZR,
492,49:57.060N,14:14.742E,397M,T,KARLIK,
493,48:37.373N,14:14.850E,672M,T,KOMIN ,
494,50:49.320N,14:15.348E,380M,T,BYNOVEC ZAM,
495,50:51.684N,14:15.426E,330M,T,JANOV TV,
496,49:41.220N,14:15.774E,320M,T,HRIMEZDICE ZAM,
497,48:52.080N,14:16.368E,1080M,T,KLET TV,
498,50:08.040N,14:16.392E,290M,T,TUCHOMERICE ZAM,
499,50:23.172N,14:16.686E,441M,T,SV.JIRI,
500,49:19.650N,14:17.040E,415M,T,CHRESTOVICE ZAM,
501,49:24.618N,14:17.166E,500M,T,TYROLSKY DUM ZAM,
502,50:18.630N,14:17.274E,180M,T,SAZENA ZAM,
503,49:38.652N,14:17.394E,390M,T,SKRYSOV ZAM,
504,49:33.120N,14:17.466E,470M,T,ZAHRADKA ZAM,
505,50:44.673N,14:17.517E,200M,T,KOMIN,
506,48:47.157N,14:17.583E,593M,T,KOMIN ,
507,49:47.190N,14:17.886E,350M,T,SUDOVICE ZAM,
508,50:48.216N,14:18.696E,279M,T,NOVA OLESKA TV,
509,50:16.746N,14:19.020E,170M,T,VELTRUSY ZAM,
510,48:55.632N,14:19.116E,718M,T,KLUK TV,
511,49:26.898N,14:19.824E,540M,T,MILEVSKO TV,
512,48:50.340N,14:19.933E,530M,T,KOMIN ,
513,50:21.570N,14:19.986E,220M,T,HORNI BERKOVICE ,
514,50:37.698N,14:20.436E,320M,T,KONOJEDY ZAM,
515,49:56.208N,14:20.442E,416M,T,CUKRAK TV,
516,50:46.848N,14:20.574E,270M,T,MARKVARTICE ZAM,
517,49:23.304N,14:20.634E,470M,T,VESELICKO ZAM,
518,48:53.424N,14:20.730E,494M,T,DIVCI KAMEN ZR,
519,49:56.423N,14:21.050E,385M,T,STOZAR,
520,49:54.900N,14:21.084E,340M,T,TRNAVKA ZAM,
521,48:39.264N,14:21.282E,530M,T,ROZMBERK NV HR,
522,49:05.407N,14:21.333E,403M,T,KOMIN ,
523,48:42.366N,14:21.384E,736M,T,ROZMITAL TV,
524,49:14.100N,14:21.792E,420M,T,NEZNASOV ZAM,
525,50:27.807N,14:22.050E,160M,T,KOMIN,
526,50:30.060N,14:22.164E,260M,T,SNEDOVICE ZAM,
527,50:27.890N,14:22.250E,160M,T,KOMIN ,
528,49:59.640N,14:22.267E,190M,T,KOMIN ,
529,49:11.290N,14:22.317E,500M,T,TEMEILN,
530,50:03.573N,14:22.450E,264M,T,KOMIN ,
531,49:10.790N,14:22.483E,500M,T,KOMIN,
532,50:27.940N,14:22.500E,160M,T,KOMIN ,
533,49:10.873N,14:22.567E,500M,T,KOMIN,
534,49:10.757N,14:22.617E,500M,T,KOMIN,
535,49:10.840N,14:22.700E,500M,T,KOMIN,
536,49:26.690N,14:22.700E,460M,T,KOMIN,
537,49:18.282N,14:22.722E,440M,T,DRAZIC ZAM,
538,49:40.326N,14:22.824E,370M,T,PRICOVY ZAM,
539,49:37.158N,14:22.836E,503M,T,VYSOKY CHLUMEC H,
540,49:58.452N,14:22.896E,230M,T,ZBRASLAV ZAM,
541,49:48.840N,14:23.304E,330M,T,SLAPY ZAM,
542,48:36.996N,14:23.784E,695M,T,HORNI DVORISTE T,
543,50:09.480N,14:24.174E,250M,T,BRNKY ZAM,
544,50:42.972N,14:24.210E,392M,T,ZANDOV TV,
545,50:51.690N,14:24.264E,378M,T,FALKENSTEIN,
546,49:50.610N,14:24.402E,412M,T,STECHOVICE TV,
547,49:15.228N,14:24.432E,360M,T,KOLODEJE,
548,48:54.114N,14:24.792E,420M,T,MASKOVEC ZR,
549,50:24.924N,14:24.240E,160M,T,EL MELNIK,
550,50:47.508N,14:25.374E,506M,T,KAMENICKY HRAD Z,
551,50:12.804N,14:25.644E,280M,T,BREZANY ZAM,
552,49:41.724N,14:25.764E,320M,T,OSECANY ZAM,
553,50:54.330N,14:25.824E,451M,T,KYJOVSKY HRAD ZR,
554,49:03.240N,14:25.848E,380M,T,HLUBOKA ZAM,
555,50:03.273N,14:25.850E,240M,T,BUDOVA,
556,50:06.840N,14:25.850E,200M,T,KOMIN ,
557,48:44.160N,14:25.950E,670M,T,OMLENICKA ZAM,
558,50:03.257N,14:26.050E,240M,T,BUDOVA,
559,49:46.938N,14:26.196E,330M,T,JABLONNA ZAM,
560,49:25.776N,14:26.412E,492M,T,SKALICE ZR,
561,50:07.257N,14:26.450E,270M,T,BUDOVA,
562,50:05.107N,14:26.767E,200M,T,STOZAR,
563,49:06.780N,14:26.784E,438M,T,KARLUV HRADEK ZR,
564,49:57.732N,14:26.994E,350M,T,DOLNI BREZANY ZA,
565,48:50.090N,14:27.200E,540M,T,KOMIN ,
566,49:30.288N,14:27.708E,550M,T,NADEJKOV ZAM,
567,50:01.224N,14:27.762E,281M,T,NOVY HRAD ZR,
568,50:03.490N,14:27.817E,222M,T,KOMIN ,
569,50:17.844N,14:28.008E,165M,T,OBRISTVI ZAM,
570,50:41.707N,14:28.217E,267M,T,KOMIN,
571,48:49.962N,14:28.332E,526M,T,VELESIN ZR,
572,48:58.223N,14:28.700E,390M,T,KOMIN ,
573,48:58.273N,14:28.867E,390M,T,KOMIN,
574,48:58.407N,14:28.983E,390M,T,KOMIN,
575,49:41.970N,14:29.262E,430M,T,SUCHDOL ZAM,
576,48:59.573N,14:29.317E,390M,T,STOZAR,
577,50:21.319N,14:29.613E,182M,T,SILO,
578,50:21.247N,14:29.680E,180M,T,SILO,
579,50:30.678N,14:29.874E,401M,T,ZAKSIN ZR,
580,48:59.440N,14:29.900E,390M,T,KOMIN ,
581,50:06.457N,14:30.300E,241M,T,KOMIN ,
582,50:34.920N,14:30.330E,325M,T,DRCHLAVA ZR,
583,49:28.800N,14:30.504E,629M,T,JISTEBNICE TV,
584,50:10.123N,14:30.567E,235M,T,KOMIN ,
585,50:44.840N,14:30.617E,340M,T,KOMIN,
586,50:12.030N,14:30.650E,200M,T,MESICE ZAM,
587,50:12.219N,14:30.698E,203M,T,SILO,
588,50:42.840N,14:30.783E,270M,T,KOMIN,
589,50:37.956N,14:30.804E,270M,T,ZAHRADKY ZAM,
590,49:45.690N,14:30.876E,400M,T,TLOSKOV ZAM,
591,49:50.538N,14:30.900E,320M,T,LESANY ZAM,
592,50:27.972N,14:30.984E,350M,T,VIDIM ZAM,
593,48:59.682N,14:31.182E,450M,T,RUDOLFOV ZAM,
594,49:33.240N,14:31.188E,470M,T,JETRICHOVICE ZAM,
595,50:22.457N,14:31.200E,250M,T,STOZAR,
596,50:49.230N,14:31.212E,537M,T,KYTICE TV,
597,50:16.857N,14:31.350E,168M,T,KOMIN,
598,48:47.652N,14:31.530E,620M,T,PORESIN ZR,
599,50:32.940N,14:32.166E,290M,T,NOVY BERSTEIN ZA,
600,50:04.957N,14:32.167E,252M,T,KOMIN ,
601,50:15.072N,14:32.256E,170M,T,LOBKOVICE ZAM,
602,48:52.902N,14:32.274E,460M,T,KOMARICE ZAM,
603,49:10.962N,14:32.466E,492M,T,BZI ZAM,
604,50:42.623N,14:32.567E,330M,T,KOMIN,
605,49:59.820N,14:33.000E,310M,T,PRUHONICE ZAM,
606,49:17.436N,14:33.060E,480M,T,CERNICE ZAM,
607,50:51.432N,14:33.114E,727M,T,JEDLOVA TV,
608,48:44.922N,14:33.144E,611M,T,SOKOLCI ZR,
609,50:41.357N,14:33.200E,250M,T,KOMIN ,
610,49:23.514N,14:33.522E,455M,T,PRIBENICE ZR,
611,49:40.332N,14:33.894E,410M,T,VRCHOTOVY JANOVI,
612,49:26.424N,14:33.984E,480M,T,MEZIRICI ZAM,
613,50:02.907N,14:34.133E,280M,T,KOMIN ,
614,50:43.980N,14:34.542E,364M,T,SLOUP ZR,
615,50:18.786N,14:34.632E,195M,T,LIBLICE ZAM,
616,49:54.996N,14:35.184E,400M,T,STIRIN ZAM,
617,50:36.900N,14:36.085E,291M,T,SILO,
618,50:36.901N,14:36.085E,291M,T,SILO,
619,49:36.264N,14:36.504E,530M,T,SMILKOV ZAM,
620,49:56.982N,14:37.284E,420M,T,PREDBOR ZAM,
621,50:21.816N,14:37.416E,260M,T,REPIN ZAM,
622,49:08.623N,14:37.417E,423M,T,SILO,
623,49:45.060N,14:37.434E,350M,T,TVORSOVICE ZAM,
624,49:08.687N,14:37.495E,425M,T,SILO,
625,49:08.728N,14:37.547E,425M,T,SILO,
626,50:29.364N,14:37.812E,400M,T,HOUSKA HR,
627,50:43.344N,14:38.346E,335M,T,VELENICE ZR,
628,49:19.032N,14:38.364E,450M,T,ZELEC ZAM,
629,49:53.772N,14:38.412E,420M,T,LOJOVICE ZAM,
630,49:46.836N,14:38.826E,370M,T,KONOPISTE ZAM,
631,48:53.757N,14:38.833E,500M,T,KOMIN ,
632,49:34.446N,14:38.856E,620M,T,MILICIN ZAM,
633,50:19.104N,14:38.964E,230M,T,KOSATKY ZAM,
634,49:36.240N,14:39.612E,707M,T,MEZIVRATA TV,
635,49:36.390N,14:39.967E,663M,T,STOZAR,
636,50:27.426N,14:40.044E,340M,T,LOBEC ZAM,
637,49:44.112N,14:40.902E,400M,T,LISNO ZAM,
638,49:25.007N,14:41.000E,430M,T,KOMIN ,
639,49:25.969N,14:41.101E,460M,T,SILO,
640,49:25.918N,14:41.120E,477M,T,SILO,
641,49:46.457N,14:41.217E,370M,T,KOMIN ,
642,50:14.400N,14:41.322E,190M,T,HLAVENEC ZAM,
643,49:22.323N,14:41.800E,410M,T,KOMIN ,
644,50:50.208N,14:41.802E,510M,T,KROMPACH ZAM,
645,48:50.250N,14:41.832E,500M,T,OLESNICE ZAM,
646,49:22.323N,14:41.867E,410M,T,KOMIN,
647,49:37.968N,14:42.228E,570M,T,VLCKOVICE ZAM,
648,50:32.460N,14:42.240E,526M,T,BEZDEZ HR,
649,48:44.538N,14:42.246E,768M,T,DOBRA VODA TV,
650,49:23.388N,14:42.834E,434M,T,KOZI HRADEK ZR,
651,50:44.718N,14:43.386E,310M,T,VELKY VALTINOV Z,
652,50:03.030N,14:43.500E,310M,T,SKVOREC ZAM,
653,49:56.538N,14:43.608E,430M,T,MYSLIN ZAM,
654,49:52.368N,14:43.734E,392M,T,CTYRKOLY TV,
655,50:22.878N,14:44.094E,280M,T,VELKE VSELISY ZA,
656,49:18.030N,14:44.322E,460M,T,MYSLKOVICE ZAM,
657,49:09.462N,14:44.970E,420M,T,HAMR ZAM,
658,50:40.488N,14:45.324E,642M,T,MIMON TV,
659,50:25.410N,14:45.348E,320M,T,SKALSKO ZAM,
660,49:28.128N,14:45.744E,509M,T,RATIBORSKE HORY ,
661,50:41.740N,14:45.967E,310M,T,KOMIN,
662,50:42.107N,14:46.250E,310M,T,KOMIN ,
663,50:05.280N,14:46.452E,250M,T,TUKLATY ZAM,
664,48:47.238N,14:46.698E,560M,T,NOVE HRADY HR,
665,49:38.652N,14:46.824E,512M,T,ZVESTOV TV,
666,50:46.722N,14:46.938E,370M,T,LEMBERK ZAM,
667,49:13.776N,14:47.064E,440M,T,LZIN ZAM,
668,49:52.092N,14:47.160E,360M,T,KOMORNI HRADEK Z,
669,50:14.568N,14:47.424E,240M,T,BON REPOS ZAM,
670,50:35.196N,14:47.502E,340M,T,KURIVODY ZAM,
671,49:17.430N,14:47.520E,440M,T,TUCAPY ZAM,
672,49:33.042N,14:48.984E,495M,T,SELMBERK ZR,
673,49:50.100N,14:49.350E,440M,T,OSTREDEK ZAM,
674,49:46.710N,14:49.404E,430M,T,TREBESICE ZAM,
675,49:23.604N,14:50.136E,480M,T,HROBY ZAM,
676,50:51.957N,14:50.467E,250M,T,KOMIN,
677,50:41.586N,14:50.652E,378M,T,DEVIN ZR,
678,49:20.088N,14:50.712E,664M,T,CHROUSTIK ZR,
679,49:05.760N,14:50.760E,435M,T,JEMCINA ZAM,
680,50:19.638N,14:50.766E,200M,T,HORKY ZAM,
681,50:51.257N,14:50.783E,250M,T,KOMIN ,
682,50:06.504N,14:51.084E,210M,T,KOUNICE ZAM,
683,50:22.380N,14:52.002E,237M,T,STARY STRANOV ZR,
684,50:50.718N,14:52.458E,322M,T,GRABSTEIN HR,
685,50:04.607N,14:52.533E,220M,T,STOZARY,
686,49:14.988N,14:52.536E,490M,T,CERVENA LHOTA ZA,
687,50:03.990N,14:52.900E,230M,T,STOZARY,
688,50:38.436N,14:53.514E,367M,T,KRIDA ZR,
689,49:27.912N,14:54.078E,620M,T,VODICE ZAM,
690,50:10.140N,14:54.330E,184M,T,MYDLOVARY ZR,
691,49:04.188N,14:54.420E,466M,T,STRAZ NAD NEZ ZA,
692,50:25.307N,14:54.717E,210M,T,KOMIN ,
693,49:48.438N,14:55.044E,388M,T,CESKY STERNBERK ,
694,49:30.684N,14:55.068E,550M,T,TECHOBUZ ZAM,
695,50:25.284N,14:55.404E,210M,T,SKODA FACTORY,
696,48:57.618N,14:55.536E,460M,T,CHLUM U TREBONE ,
697,50:25.273N,14:55.683E,210M,T,KOMINY ,
698,50:19.380N,14:55.686E,208M,T,LUSTENICE ZAM,
699,50:16.512N,14:56.964E,205M,T,VLKAVA ZAM,
700,50:21.649N,14:57.739E,223M,T,SILO,
701,50:43.956N,14:58.512E,979M,T,JESTED,
702,50:04.020N,14:59.790E,240M,T,RADIM ZAM,
703,50:09.773N,15:00.033E,184M,T,KOMIN,
704,49:25.572N,15:00.330E,595M,T,KAMEN HR,
705,50:28.425N,15:00.926E,231M,T,SILO,
706,50:30.600N,15:01.380E,346M,T,VALECOV ZR,
707,50:05.542N,15:01.525E,200M,T,SILO,
708,49:08.923N,15:01.817E,470M,T,KOMIN,
709,50:11.940N,15:02.150E,180M,T,KOMIN ,
710,49:43.788N,15:02.940E,350M,T,SOUTICE ZAM,
711,50:45.690N,15:03.183E,390M,T,KOMIN ,
712,50:18.294N,15:04.248E,275M,T,MCELY ZAM,
713,50:37.812N,15:04.320E,330M,T,SYCHROV ZAM,
714,49:01.416N,15:04.380E,602M,T,NOVA BYSTRICE TV,
715,50:44.915N,15:05.045E,390M,T,SILO,
716,50:47.652N,15:05.076E,580M,T,REITENSTEIN ZR,
717,49:08.760N,15:05.160E,513M,T,VITKUV HRADEK,
718,49:56.808N,15:05.280E,350M,T,CERVENY HRADEK Z,
719,50:23.616N,15:05.982E,300M,T,DOMOUSNICE ZAM,
720,49:34.260N,15:07.524E,534M,T,ONSOV TV,
721,50:29.328N,15:07.566E,300M,T,KOST HR,
722,50:41.090N,15:08.183E,480M,T,KOMIN,
723,50:08.573N,15:08.350E,180M,T,STOZAR,
724,50:08.440N,15:08.367E,180M,T,STOZAR,
725,50:43.773N,15:08.517E,520M,T,KOMIN,
726,50:44.573N,15:08.583E,520M,T,KOMIN ,
727,50:43.823N,15:08.600E,520M,T,KOMIN ,
728,50:48.816N,15:09.150E,770M,T,NOVA LOUKA ZAM,
729,49:11.520N,15:09.240E,560M,T,C.OLESNA ZAM,
730,50:33.696N,15:09.462E,400M,T,VALDSTEJN ZR,
731,49:08.616N,15:09.600E,535M,T,ROZKOS ZAM,
732,50:44.090N,15:11.117E,520M,T,KOMIN ,
733,50:39.000N,15:11.700E,334M,T,VRANOV HR,
734,50:53.562N,15:11.832E,460M,T,LAZNE LIBVERDA Z,
735,50:02.873N,15:12.217E,200M,T,KOMIN ,
736,50:02.040N,15:12.283E,200M,T,KOMIN ,
737,50:35.760N,15:12.780E,446M,T,ROTSTEJN ZR,
738,49:31.842N,15:12.804E,418M,T,ZELIV HR,
739,50:02.147N,15:13.003E,200M,T,SILO,
740,50:02.230N,15:13.154E,200M,T,SILO,
741,50:31.044N,15:13.320E,456M,T,TROSKY ZR,
742,49:42.726N,15:13.488E,422M,T,CHRENOVICE ZR,
743,49:01.380N,15:13.650E,641M,T,LANDSTEIN ZR,
744,50:33.551N,15:13.716E,354M,T,SILO,
745,50:42.780N,15:14.070E,846M,T,CERNA STUDNICE T,
746,49:50.112N,15:14.496E,460M,T,CERVENE JANOVICE,
747,50:20.123N,15:15.017E,230M,T,KOMIN ,
748,49:26.376N,15:15.912E,578M,T,OLESNA TV,
749,50:45.108N,15:16.500E,789M,T,DESNA TV,
750,50:02.400N,15:16.728E,220M,T,KONAROVICE ZAM,
751,50:12.648N,15:17.730E,210M,T,SILO,
752,49:38.976N,15:17.832E,595M,T,MELECHOV ZR,
753,50:45.940N,15:18.667E,553M,T,KOMIN,
754,50:45.973N,15:18.683E,560M,T,KOMIN ,
755,50:37.007N,15:19.167E,350M,T,KOMIN ,
756,50:30.738N,15:19.800E,589M,T,KOZLOV ZR,
757,49:16.380N,15:19.944E,734M,T,JANSTEJN ZR,
758,49:13.507N,15:20.050E,833M,T,STOZAR,
759,49:58.938N,15:20.340E,230M,T,KACINA ZAM,
760,49:47.148N,15:21.852E,492M,T,CHLUM ZR,
761,50:25.489N,15:21.880E,279M,T,SILO,
762,50:25.476N,15:21.931E,282M,T,SILO,
763,49:32.700N,15:22.302E,622M,T,ORLIK ZR,
764,50:34.416N,15:22.488E,365M,T,KOSTALOV ZR,
765,50:12.156N,15:22.572E,240M,T,VLKOV ZAM,
766,49:37.266N,15:24.180E,600M,T,LIPNICE HR,
767,49:15.336N,15:24.960E,671M,T,ROSTEJN HR,
768,50:45.708N,15:25.350E,1008M,T,HARRACHOV TV,
769,50:36.420N,15:25.782E,601M,T,STRAZNIK TV,
770,50:40.344N,15:25.866E,603M,T,NISTEJKA ZR,
771,50:01.823N,15:26.567E,220M,T,KOMIN ,
772,50:01.890N,15:26.917E,220M,T,KOMIN ,
773,49:23.148N,15:27.738E,550M,T,MIROSOV ZAM,
774,50:24.870N,15:28.200E,320M,T,KAMENICE ZAM,
775,49:53.280N,15:28.788E,245M,T,ZLEBY ZAM,
776,50:14.899N,15:29.481E,230M,T,SILO,
777,49:43.823N,15:30.117E,543M,T,WIND POWER PL,
778,49:04.494N,15:30.846E,520M,T,BUDISKOVICE ZAM,
779,50:22.173N,15:32.255E,264M,T,SILO,
780,49:15.473N,15:32.450E,666M,T,WIND POWER PL,
781,49:15.273N,15:32.683E,672M,T,WIND POWER PL,
782,49:14.640N,15:33.162E,656M,T,EL.PAVLOV,
783,49:53.316N,15:34.398E,553M,T,LICHNICE ZR,
784,50:44.502N,15:34.410E,1231M,T,MEDVEDIN TV,
785,50:02.417N,15:34.606E,212M,T,SILO,
786,49:35.666N,15:35.102E,440M,T,SILO,
787,49:35.639N,15:35.161E,440M,T,SILO,
788,49:25.507N,15:35.667E,520M,T,KOMIN ,
789,49:58.020N,15:36.216E,328M,T,SVOJSICE ZR,
790,49:25.353N,15:36.350E,520M,T,SILO,
791,50:28.056N,15:36.936E,444M,T,PECKA HR,
792,50:36.873N,15:37.017E,480M,T,KOMIN ,
793,48:54.858N,15:37.740E,440M,T,UHERCICE ZAM,
794,49:53.973N,15:38.033E,460M,T,KOMIN ,
795,49:53.990N,15:38.267E,460M,T,KOMIN ,
796,49:50.064N,15:38.880E,575M,T,OHEB ZR,
797,50:06.915N,15:39.155E,230M,T,SILO,
798,50:09.623N,15:39.372E,239M,T,SILO,
799,50:13.380N,15:39.666E,300M,T,HRADEK ZAM,
800,48:56.700N,15:42.012E,459M,T,BITOV HR,
801,49:42.654N,15:41.656E,553M,T,SILO,
802,49:04.673N,15:42.250E,537M,T,STOZAR,
803,50:32.460N,15:42.762E,360M,T,HOSTINNE ZAM,
804,48:55.980N,15:42.780E,445M,T,CORNSTEJN ZR,
805,49:20.076N,15:43.230E,487M,T,ROKSTEJN,
806,50:03.757N,15:43.250E,220M,T,KOMIN ,
807,50:41.712N,15:43.542E,810M,T,PEC POD SNEZKOU ,
808,49:49.590N,15:43.950E,590M,T,STOZAR,
809,50:44.184N,15:43.980E,1570M,T,SNEZKA,
810,49:54.090N,15:44.844E,411M,T,RABSTEJNEK ZR,
811,50:37.494N,15:46.578E,739M,T,JANSKE LAZNE TV,
812,50:08.940N,15:47.100E,230M,T,EL.OPATOVICE,
813,48:53.946N,15:47.760E,424M,T,VRANOV TV,
814,50:13.157N,15:48.000E,230M,T,KOMIN ,
815,50:25.640N,15:48.500E,280M,T,KOMIN ,
816,49:12.920N,15:48.565E,480M,T,SILO,
817,49:12.857N,15:48.568E,480M,T,SILO,
818,49:12.908N,15:48.615E,484M,T,SILO,
819,49:55.661N,15:48.670E,280M,T,SILO,
820,50:01.488N,15:48.760E,220M,T,SILO,
821,49:52.116N,15:48.780E,397M,T,STRADOV ZR,
822,50:15.490N,15:49.236E,239M,T,SILO,
823,50:17.656N,15:51.017E,240M,T,SILO,
824,49:12.640N,15:51.417E,440M,T,KOMIN ,
825,50:18.907N,15:51.900E,245M,T,KOMIN ,
826,49:34.812N,15:51.504E,679M,T,PEPEREK TV,
827,49:12.590N,15:53.367E,440M,T,KOMIN ,
828,49:46.059N,15:53.846E,580M,T,SILO,
829,49:46.059N,15:53.847E,580M,T,SILO,
830,50:21.507N,15:54.350E,260M,T,KOMIN,
831,49:46.157N,15:55.100E,580M,T,KOMIN ,
832,50:20.802N,15:55.123E,260M,T,JAROMER,
833,49:33.473N,15:55.783E,590M,T,KOMIN ,
834,50:20.329N,15:55.812E,260M,T,JOSEFOV,
835,49:34.920N,15:56.340E,600M,T,ZELEZNA HORA,
836,50:34.590N,15:57.567E,400M,T,KOMINY ,
837,50:12.113N,15:59.046E,250M,T,TREBECHOVICE,
838,50:04.065N,15:59.406E,250M,T,HOLICE,
839,49:57.390N,15:59.532E,260M,T,CHROUSTOVICE ZAM,
840,49:53.100N,16:01.398E,300M,T,KOSUMBERK ZR,
841,50:22.848N,16:01.805E,296M,T,SILO,
842,49:50.226N,16:02.160E,419M,T,RYCHMBURK HR,
843,49:43.032N,16:03.480E,780M,T,KARLSTEJN (ZAMEC,
844,49:50.760N,16:04.260E,455M,T,BORUVKA,
845,49:16.998N,16:04.632E,425M,T,DUB ZR,
846,50:08.833N,16:04.792E,250M,T,TYNISTE N.O.,
847,49:23.615N,16:04.816E,544M,T,SILO,
848,48:55.749N,16:06.167E,230M,T,VYROVICE VOD.N,
849,50:16.309N,16:06.632E,280M,T,OPOCNO,
850,49:47.169N,16:07.032E,634M,T,TEREZKA,
851,49:07.608N,16:07.044E,351M,T,DALESICE,
852,48:50.772N,16:07.068E,230M,T,SAMOTA ZAM,
853,49:39.702N,16:07.638E,813M,T,BUCHTUV KOPEC,
854,49:05.940N,16:07.800E,391M,T,STOZAR,
855,50:21.624N,16:07.900E,300M,T,KOMIN ,
856,48:59.106N,16:08.820E,330M,T,VISNOVE ZAM,
857,49:07.634N,16:08.928E,453M,T,BABYLON,
858,49:57.640N,16:08.957E,290M,T,SILO,
859,50:17.457N,16:09.217E,280M,T,KOMIN ,
860,50:25.182N,16:09.485E,369M,T,NACHOD ZAMEK,
861,49:57.064N,16:09.565E,290M,T,VYS.MYTO,
862,48:52.323N,16:09.600E,251M,T,WIND POWER PL,
863,50:17.309N,16:09.641E,280M,T,DOBRUSKA,
864,49:04.980N,16:09.678E,380M,T,DUKOVANY EL,
865,50:25.423N,16:09.817E,360M,T,KOMIN ,
866,49:38.442N,16:09.840E,664M,T,SKALY ZR,
867,50:22.776N,16:10.926E,350M,T,PEKLO,
868,49:19.842N,16:11.718E,505M,T,OSOVA ZAM,
869,50:07.149N,16:12.980E,280M,T,SILO,
870,49:38.076N,16:13.236E,520M,T,JIMRAMOV ZAM,
871,48:23.360N,16:13.244E,170M,T,STOCKERAU,
872,49:08.646N,16:13.380E,351M,T,KRAVI HORA ZR,
873,50:00.156N,16:13.416E,290M,T,CHOCEN,
874,49:17.490N,16:13.682E,480M,T,VEL.BITES,
875,49:29.773N,16:13.783E,500M,T,KOMIN ,
876,50:21.582N,16:13.980E,545M,T,FRYMBURK ZR,
877,49:26.748N,16:14.178E,553M,T,BUKOV ZR,
878,48:52.788N,16:14.310E,211M,T,LECHOVICE ZAM,
879,50:26.077N,16:14.422E,380M,T,KUDOWA ZDROJ,
880,49:49.692N,16:14.580E,415M,T,DOLNI UJEZD TV,
881,48:45.690N,16:14.616E,190M,T,JAROSLAVICE ZAM,
882,49:31.532N,16:14.901E,550M,T,BYSTRICE N.PER.,
883,49:42.803N,16:15.547E,560M,T,POLICKA,
884,49:16.418N,16:15.798E,530M,T,DEVET KRIZU,
885,48:50.904N,16:16.464E,190M,T,DYJE ZAM,
886,50:09.876N,16:16.326E,340M,T,RYCHNOV N.K.,
887,49:33.246N,16:16.362E,572M,T,KARASIN,
888,50:07.590N,16:16.983E,337M,T,KOMIN ,
889,50:09.907N,16:16.983E,340M,T,KOMIN ,
890,49:52.957N,16:17.033E,320M,T,KOMIN ,
891,50:07.145N,16:17.333E,320M,T,VAMBERK,
892,49:48.873N,16:17.783E,430M,T,STOZARY,
893,49:23.262N,16:18.048E,433M,T,RYSOV ZR,
894,49:49.357N,16:18.150E,418M,T,STOZARY,
895,50:04.812N,16:18.194E,400M,T,POTSTEJN,
896,49:33.997N,16:18.247E,465M,T,VIR HRAZ,
897,49:52.380N,16:18.439E,360M,T,LITOMYSL,
898,49:02.478N,16:18.494E,250M,T,MOR.KRUMLOV,
899,48:57.076N,16:18.525E,250M,T,MIROSLAV,
900,49:27.480N,16:18.636E,491M,T,PERSTEJN HR,
901,49:08.088N,16:19.590E,283M,T,OSLAVANY TV,
902,48:21.029N,16:19.673E,170M,T,KORNEUBURG,
903,49:27.707N,16:20.000E,397M,T,KOMIN ,
904,49:27.366N,16:20.016E,330M,T,NEDVEDICE,
905,48:52.176N,16:20.460E,190M,T,BREZANY ZAM,
906,49:37.853N,16:20.152E,610M,T,BYSTRE,
907,49:07.523N,16:20.317E,220M,T,KOMIN ,
908,50:06.012N,16:20.808E,606M,T,LITICKY CHLUM,
909,48:59.880N,16:21.306E,260M,T,BOHUTICE ZAM,
910,49:05.880N,16:21.636E,210M,T,IVANCICE ZAM,
911,48:53.007N,16:21.733E,227M,T,WIND POWER PL,
912,48:53.140N,16:21.817E,228M,T,WIND POWER PL,
913,48:53.273N,16:21.917E,231M,T,WIND POWER PL,
914,48:53.407N,16:22.000E,231M,T,WIND POWER PL,
915,50:17.478N,16:22.422E,867M,T,DESTNE TV,
916,48:53.540N,16:22.100E,230M,T,WIND POWER PL,
917,48:43.427N,16:22.764E,180M,T,LAA,
918,50:24.551N,16:22.767E,600M,T,DUSZNIKI ZDROJ,
919,49:10.918N,16:23.068E,310M,T,ROSICE,
920,49:58.539N,16:23.430E,330M,T,USTI N.O.,
921,48:49.839N,16:23.880E,180M,T,HRUSOVANY,
922,48:48.907N,16:23.967E,180M,T,KOMIN ,
923,49:26.922N,16:24.066E,697M,T,SYKOR TV,
924,49:50.160N,16:24.396E,490M,T,MENDRYKA ZAM,
925,49:37.842N,16:24.432E,589M,T,SVOJANOV HR,
926,49:33.686N,16:24.985E,550M,T,OLESNICE,
927,49:20.977N,16:25.167E,250M,T,TISNOV,
928,50:02.562N,16:25.236E,505M,T,ZAMPACH ZR,
929,49:20.808N,16:26.400E,412M,T,KLUCANINA,
930,49:53.842N,16:26.489E,400M,T,CES.TREBOVA,
931,49:15.312N,16:27.588E,341M,T,VEVERI HR,
932,50:09.816N,16:27.286E,580M,T,ROKYTNICE V O.H.,
933,50:04.342N,16:27.504E,430M,T,SILO,
934,50:04.890N,16:27.683E,430M,T,KOMIN ,
935,49:07.266N,16:28.926E,300M,T,PRSTICE ZAM,
936,49:45.407N,16:28.175E,440M,T,SVITAVY,
937,48:55.968N,16:28.308E,178M,T,VLASATICE ZAM,
938,49:04.050N,16:28.338E,200M,T,KOUNICE ZAM,
939,48:51.426N,16:28.776E,180M,T,DRNHOLEC ZAM,
940,49:45.488N,16:28.913E,440M,T,SILO,
941,49:45.528N,16:28.914E,440M,T,SILO,
942,50:24.021N,16:30.181E,420M,T,POLANICA ZDROJ,
943,49:38.903N,16:30.261E,483M,T,BREZOVA,
944,50:02.105N,16:30.290E,380M,T,LETOHRAD,
945,49:31.122N,16:30.750E,574M,T,BURIANOVA ROZHL.,
946,49:37.957N,16:31.067E,400M,T,KOMIN ,
947,48:58.964N,16:31.340E,180M,T,POHORELICE,
948,49:18.275N,16:31.638E,300M,T,KURIM,
949,49:27.210N,16:31.734E,380M,T,LYSICE ZAM,
950,49:25.093N,16:34.037E,330M,T,CERNA HORA ZAMEK,
951,48:34.322N,16:34.112E,220M,T,MISTELBACH,
952,49:32.845N,16:34.483E,350M,T,LETOVICE,
953,49:12.324N,16:34.704E,300M,T,KAUNICOVY KOLEJE,
954,49:15.798N,16:34.914E,250M,T,RECKOVICE,
955,49:12.823N,16:35.150E,230M,T,BUDOVA,
956,49:15.207N,16:35.250E,230M,T,KOMIN ,
957,49:11.251N,16:35.378E,230M,T,BRNO,
958,49:54.940N,16:35.883E,380M,T,KOMIN ,
959,50:02.127N,16:35.980E,440M,T,JABLONNE N.O.,
960,49:13.207N,16:36.100E,230M,T,KOMIN ,
961,49:54.847N,16:36.146E,380M,T,LANSKROUN,
962,49:18.642N,16:36.156E,450M,T,VRANOV,
963,49:02.622N,16:36.678E,190M,T,ZIDLOCHOVICE ZAM,
964,49:12.023N,16:37.083E,230M,T,KOMINY ,
965,48:40.208N,16:37.525E,200M,T,POYSDORF,
966,49:17.382N,16:37.596E,450M,T,UTECHOV,
967,49:08.274N,16:37.626E,230M,T,OLYMPIA,
968,48:48.246N,16:37.716E,220M,T,MIKULOV,
969,48:50.700N,16:37.980E,443M,T,SIROTCI HRADEK Z,
970,50:26.581N,16:38.500E,310M,T,KLODZKO,
971,49:13.657N,16:38.517E,230M,T,KOMIN ,
972,49:21.610N,16:38.656E,280M,T,BLANSKO,
973,50:17.933N,16:38.656E,370M,T,BYSTRZYCA KLOD.,
974,49:18.257N,16:38.833E,250M,T,KOMIN,
975,49:45.500N,16:39.216E,350M,T,MOR.TREBOVA,
976,49:29.344N,16:39.393E,370M,T,BOSKOVICE,
977,49:15.282N,16:39.480E,328M,T,BILOVICE TV,
978,50:08.959N,16:39.563E,450M,T,MIEDZYLESIE,
979,49:07.651N,16:39.596E,230M,T,SILO,
980,49:07.627N,16:39.659E,230M,T,SILO,
981,49:07.607N,16:39.687E,230M,T,SILO,
982,49:11.607N,16:39.700E,290M,T,KOMIN ,
983,48:59.664N,16:40.146E,182M,T,VELKE NEMCICE ZA,
984,49:11.790N,16:39.850E,290M,T,KOMIN ,
985,49:57.942N,16:39.888E,623M,T,VYPRACHTICE TV,
986,49:36.718N,16:40.344E,380M,T,VEL.OPATOVICE,
987,49:21.685N,16:41.099E,331M,T,MACOCHA,
988,49:52.248N,16:41.145E,350M,T,TATENICE,
989,50:03.179N,16:41.245E,984M,T,SUCHY VRCH TV,
990,49:32.874N,16:41.898E,390M,T,SEBETOV ZAM,
991,49:38.095N,16:42.206E,350M,T,JEVICKO,
992,49:43.025N,16:42.765E,327M,T,MESTECKO TRNAVKA,
993,48:51.684N,16:43.008E,164M,T,N.MLYNY HRAZ,
994,48:56.528N,16:43.642E,200M,T,HUSTOPECE,
995,50:00.942N,16:44.346E,498M,T,MLYNICKY DVUR ZA,
996,49:20.518N,16:44.933E,460M,T,JEDOVNICE HRAZ,
997,49:57.869N,16:45.041E,510M,T,STITY,
998,49:19.206N,16:45.576E,560M,T,RAKOVEC ZAM,
999,50:05.131N,16:45.610E,570M,T,KRALIKY,
1000,49:02.610N,16:45.738E,210M,T,TESANY ZAM,
1001,49:46.940N,16:45.800E,531M,T,WIND POWER PL,
1002,49:46.790N,16:45.950E,525M,T,WIND POWER PL,
1003,49:39.090N,16:46.176E,537M,T,PLANKENBERK ZR,
1004,48:58.523N,16:46.500E,411M,T,STOZAR,
1005,49:24.084N,16:46.548E,524M,T,HOLSTEIN ZR,
1006,49:52.656N,16:47.346E,404M,T,HOSTEJN ZR,
1007,49:48.673N,16:46.983E,578M,T,WIND POWER PL,
1008,50:15.300N,16:47.856E,1118M,T,CZARNA GORA TV,
1009,48:48.210N,16:48.042E,170M,T,LEDNICE ZAMEK,
1010,49:22.188N,16:48.720E,580M,T,KOJAL VYSILAC,
1011,48:49.020N,16:48.540E,163M,T,LEDNICE MINARET,
1012,48:36.426N,16:48.476E,160M,T,DOBERMANNSDORF,
1013,48:48.486N,16:49.620E,162M,T,JANUV HRAD,
1014,49:47.910N,16:50.406E,375M,T,MIROV HR,
1015,50:12.579N,16:50.593E,1412M,T,KRALICKY SNEZNIK,
1016,49:28.873N,16:50.617E,680M,T,WIND POWER PL,
1017,48:50.074N,16:50.697E,167M,T,PODIVIN,
1018,49:28.840N,16:50.983E,680M,T,WIND POWER PL,
1019,49:46.068N,16:51.378E,386M,T,LISNICE ZR,
1020,49:57.690N,16:51.617E,317M,T,KOMIN ,
1021,48:44.590N,16:51.717E,160M,T,KOMIN ,
1022,50:17.568N,16:51.730E,540M,T,STRONIE SLASKIE,
1023,49:53.063N,16:51.777E,280M,T,ZABREH N.M.,
1024,50:21.050N,16:51.967E,450M,T,LADEK ZDROJ,
1025,50:26.486N,16:51.971E,350M,T,ZLOTY STOK,
1026,49:13.872N,16:52.080E,310M,T,HABROVANY ZAM,
1027,49:59.105N,16:52.112E,336M,T,RUDA NAD MORAVOU,
1028,49:09.684N,16:52.188E,210M,T,SLAVKOV ZAM,
1029,49:16.770N,16:52.236E,330M,T,RACICE ZAM,
1030,48:59.610N,16:52.248E,210M,T,KLOBOUKY ZAM,
1031,49:35.543N,16:52.384E,470M,T,KONICE,
1032,49:42.102N,16:52.854E,449M,T,BOUZOV HR,
1033,48:45.706N,16:53.107E,160M,T,BRECLAV,
1034,48:45.407N,16:53.450E,160M,T,KOMIN ,
1035,49:52.452N,16:53.550E,272M,T,SILO,
1036,49:52.479N,16:53.560E,274M,T,SILO,
1037,49:26.740N,16:53.933E,642M,T,WIND POWER PL,
1038,49:46.467N,16:54.820E,260M,T,MOHELNICE,
1039,49:54.440N,16:55.200E,280M,T,KOMIN,
1040,49:18.632N,16:55.472E,350M,T,LHOTA HRAZ,
1041,50:04.938N,16:55.632E,448M,T,HANUSOVICE,
1042,49:46.957N,16:55.833E,260M,T,KOMIN,
1043,49:51.857N,16:56.200E,269M,T,KOMIN,
1044,50:09.813N,16:56.293E,530M,T,STARE MESTO,
1045,49:30.784N,16:56.740E,368M,T,PTENI,
1046,50:06.234N,16:58.260E,584M,T,SION ZR,
1047,49:57.898N,16:59.056E,330M,T,SUMPERK,
1048,49:16.902N,16:59.574E,250M,T,VYSKOV,
1049,50:27.811N,16:59.829E,220M,T,PACZKOW,
1050,49:04.704N,17:00.036E,358M,T,ZDANICE ZR,
1051,50:23.834N,17:00.936E,280M,T,JAVORNIK,
1052,50:08.926N,17:00.475E,622M,T,BRANNA,
1053,48:26.441N,17:00.866E,160M,T,MALACKY,
1054,48:58.062N,17:01.380E,200M,T,SARDICE ZAM,
1055,50:02.118N,17:01.572E,410M,T,VEL.LOSINY ZAM,
1056,49:28.373N,17:01.859E,280M,T,PLUMLOV NADRZ,
1057,49:00.582N,17:02.346E,274M,T,STRAZOVICE ZAM,
1058,49:01.157N,17:03.033E,399M,T,STOZAR,
1059,50:11.731N,17:03.180E,776M,T,RAMZOVA,
1060,50:01.190N,17:03.317E,486M,T,KOMIN,
1061,49:41.573N,17:04.031E,230M,T,SILO,
1062,49:41.609N,17:04.098E,230M,T,SILO,
1063,49:36.030N,17:04.350E,240M,T,SLIK ZR,
1064,49:52.868N,17:04.449E,290M,T,LIBINA,
1065,49:42.329N,17:04.572E,230M,T,LITOVEL,
1066,50:00.912N,17:04.902E,430M,T,SOBOTIN ZAM,
1067,49:31.240N,17:04.967E,240M,T,KOMIN,
1068,50:04.632N,17:05.046E,490M,T,LOUCNA ZAM,
1069,49:09.378N,17:05.274E,260M,T,NESOVICE ZAM,
1070,48:55.162N,17:05.380E,200M,T,DUBNANY,
1071,50:18.737N,17:05.438E,380M,T,ZULOVA,
1072,49:49.089N,17:06.619E,247M,T,SUMVALDSKY RYB.,
1073,48:50.922N,17:06.632E,170M,T,HODONIN,
1074,50:10.366N,17:06.636E,1404M,T,KEPRNIK,
1075,48:51.090N,17:06.917E,170M,T,KOMINY ,
1076,49:12.192N,17:06.942E,520M,T,HRADISKO TV,
1077,49:46.362N,17:06.997E,240M,T,UNICOV,
1078,49:23.307N,17:07.100E,301M,T,STOZAR,
1079,49:00.855N,17:07.364E,220M,T,KYJOV,
1080,50:22.056N,17:07.544E,260M,T,VELKA KRAS,
1081,49:01.346N,17:07.741E,220M,T,SILO,
1082,49:01.296N,17:07.751E,220M,T,SILO,
1083,49:28.557N,17:07.950E,220M,T,KOMIN ,
1084,50:08.247N,17:08.277E,1180M,T,MRAVENECNIK,
1085,49:28.346N,17:08.643E,210M,T,SILO,
1086,50:28.062N,17:10.398E,210M,T,OTMUCHOW,
1087,49:28.350N,17:08.738E,209M,T,SILO,
1088,50:04.608N,17:09.384E,1300M,T,DLOUHE STRANE PV,
1089,50:18.588N,17:09.186E,330M,T,CERVENA VODA ZAM,
1090,49:12.102N,17:11.616E,350M,T,LITENCICE ZAM,
1091,50:13.487N,17:11.849E,450M,T,JESENIK,
1092,49:37.807N,17:11.917E,220M,T,KOMIN,
1093,49:15.341N,17:12.068E,300M,T,MORKOVICE,
1094,49:06.310N,17:12.453E,406M,T,CIMBURK ZRIC.,
1095,50:05.040N,17:13.698E,1486M,T,PRADED,
1096,48:50.591N,17:13.352E,180M,T,SKALICA,
1097,49:50.010N,17:14.544E,567M,T,SOVINEC ZR,
1098,49:35.232N,17:15.101E,230M,T,OLOMOUC,
1099,49:36.090N,17:15.450E,230M,T,TOWER,
1100,49:35.507N,17:15.700E,230M,T,KOMIN ,
1101,49:35.390N,17:15.967E,230M,T,KOMIN ,
1102,48:29.544N,17:16.014E,439M,T,PLAVECKY HRAD,
1103,50:06.403N,17:16.038E,773M,T,VIDLY,
1104,49:56.089N,17:16.134E,610M,T,RYMAROV,
1105,49:28.464N,17:16.728E,203M,T,NENAKONICE ZAM,
1106,49:26.322N,17:16.896E,200M,T,TOVACOV ZAM,
1107,49:43.518N,17:17.042E,260M,T,SILO,
1108,49:42.849N,17:17.259E,260M,T,SILO,
1109,49:42.853N,17:17.298E,260M,T,SILO,
1110,49:35.557N,17:17.350E,230M,T,KOMIN ,
1111,49:43.673N,17:17.511E,260M,T,STERNBEK,
1112,50:04.554N,17:17.946E,800M,T,KARLOVA STUD.,
1113,49:35.226N,17:18.059E,230M,T,SILO,
1114,49:35.226N,17:18.059E,230M,T,SILO,
1115,49:51.602N,17:18.173E,620M,T,KNEZPOLE,
1116,50:11.388N,17:18.234E,1030M,T,KOBERSTEJN ZR,
1117,50:00.912N,17:18.696E,670M,T,MALA MORAVKA,
1118,48:54.474N,17:18.912E,190M,T,STRAZNICE ZAM,
1119,49:13.830N,17:18.954E,250M,T,ZDOUNKY,
1120,49:06.738N,17:18.894E,484M,T,BUCHLOV HR,
1121,48:53.635N,17:19.174E,190M,T,SILO,
1122,49:33.172N,17:19.375E,220M,T,VELKY TYNEC,
1123,50:28.496N,17:19.395E,190M,T,NYSA,
1124,48:23.892N,17:19.686E,348M,T,CERVENY KAMEN HR,
1125,48:40.845N,17:21.572E,200M,T,SENICA,
1126,49:21.757N,17:21.917E,190M,T,KOMINY ,
1127,49:21.234N,17:22.128E,190M,T,CHROPYNE ZAM,
1128,48:56.723N,17:22.217E,180M,T,KOMIN ,
1129,50:14.082N,17:22.356E,655M,T,EDELSTEJN ZR,
1130,50:19.532N,17:22.580E,270M,T,GLUCHOLAZY,
1131,48:57.005N,17:22.686E,180M,T,VESELI NAD MOR.,
1132,50:07.230N,17:22.723E,530M,T,VRBNO POD PRADED,
1133,48:34.386N,17:22.824E,453M,T,KORLATKA ZR,
1134,50:12.018N,17:22.896E,669M,T,HERMANOVICE ZAM,
1135,49:17.885N,17:23.136E,190M,T,KROMERIZ,
1136,48:31.572N,17:23.178E,691M,T,OSTRY KAMEN ZR,
1137,49:06.435N,17:23.299E,220M,T,VELEHRAD,
1138,49:18.707N,17:23.500E,190M,T,KOMIN ,
1139,49:44.023N,17:23.867E,612M,T,WIND POWER PL,
1140,49:18.247N,17:24.441E,190M,T,SILO,
1141,49:04.227N,17:24.719E,180M,T,SILO,
1142,49:04.244N,17:24.753E,180M,T,SILO,
1143,48:30.959N,17:25.320E,300M,T,SMOLENICE ZAMOK,
1144,49:40.200N,17:25.464E,391M,T,HLUBOKY ZR,
1145,49:27.157N,17:25.550E,200M,T,KOMIN ,
1146,49:27.307N,17:25.550E,200M,T,KOMIN ,
1147,49:27.307N,17:25.567E,200M,T,KOMIN ,
1148,49:27.514N,17:26.135E,200M,T,SILO,
1149,49:27.632N,17:26.199E,200M,T,SILO,
1150,49:47.723N,17:26.408E,560M,T,MOR.BEROUN,
1151,49:27.435N,17:26.601E,200M,T,PREROV,
1152,49:59.467N,17:27.522E,550M,T,BRUNTAL,
1153,49:03.968N,17:27.585E,180M,T,UH.HRADISTE,
1154,49:50.202N,17:28.056E,600M,T,NOVE VALTERICE Z,
1155,48:30.509N,17:28.144E,194M,T,BINOVCE KOSTOL,
1156,49:59.915N,17:28.234E,550M,T,SILO,
1157,50:10.782N,17:28.656E,565M,T,DLOUHA VODA TV,
1158,49:23.568N,17:28.956E,280M,T,HOR.MOSTENICE ZA,
1159,50:03.978N,17:29.226E,538M,T,SIROKA NIVA TV,
1160,49:15.840N,17:29.736E,185M,T,TLUMACOV ZAM,
1161,49:07.534N,17:30.353E,177M,T,RKS TOPOLNA (DV),
1162,49:07.557N,17:30.417E,176M,T,STOZAR,
1163,49:07.790N,17:30.483E,177M,T,STOZAR,
1164,49:47.540N,17:30.800E,679M,T,WIND POWER PL,
1165,49:12.523N,17:30.917E,182M,T,KOMIN ,
1166,49:12.427N,17:31.028E,182M,T,OTROKOVICE,
1167,48:36.231N,17:31.690E,291M,T,DOBRA VODA TV,
1168,48:37.350N,17:32.592E,496M,T,DOBRA VODA ZR,
1169,48:45.449N,17:33.181E,364M,T,MYJAVA KOMIN,
1170,49:19.968N,17:33.866E,226M,T,HOLESOV,
1171,49:19.823N,17:33.950E,222M,T,KOMIN ,
1172,50:19.150N,17:34.158E,276M,T,PRUDNIK,
1173,49:53.555N,17:34.590E,492M,T,SLEZSKA HARTA,
1174,49:31.802N,17:34.891E,244M,T,LIPNIK N.BECV.,
1175,48:22.326N,17:35.011E,145M,T,TRNAVA,
1176,50:06.912N,17:35.826E,400M,T,HOSTALKOVY ZAM,
1177,49:58.249N,17:36.128E,565M,T,HORNI BENESOV,
1178,49:06.960N,17:37.254E,301M,T,CASTKOV TV,
1179,50:03.702N,17:37.476E,347M,T,BRATNICE ZAM,
1180,49:01.400N,17:38.027E,204M,T,SILO,
1181,49:31.170N,17:38.196E,437M,T,HELFSTYN ZRICENI,
1182,49:47.202N,17:38.292E,521M,T,BUDISOV TV,
1183,49:38.360N,17:38.568E,527M,T,POTSTAT,
1184,49:12.591N,17:38.631E,460M,T,TLUSTA HORA TV,
1185,48:28.550N,17:38.731E,161M,T,JASLOVSKE BOH.,
1186,49:13.757N,17:38.917E,210M,T,KOMIN ,
1187,49:01.406N,17:38.933E,209M,T,UHERSKY BROD,
1188,49:00.557N,17:39.083E,221M,T,KOMIN ,
1189,49:49.537N,17:39.565E,429M,T,KRUZBERK HRAZ,
1190,49:13.705N,17:39.599E,221M,T,ZLIN,
1191,49:24.340N,17:39.717E,303M,T,KOMIN ,
1192,50:18.312N,17:40.854E,216M,T,S.PAVLOVICE ZAM,
1193,50:05.523N,17:41.083E,321M,T,KOMIN ,
1194,50:05.523N,17:41.167E,322M,T,KOMIN ,
1195,50:05.471N,17:41.550E,322M,T,KRNOV,
1196,49:22.933N,17:41.591E,579M,T,HOSTYN BASILIKA,
1197,49:40.307N,17:41.900E,583M,T,WIND POWER PL,
1198,49:00.340N,17:42.067E,285M,T,KOMIN,
1199,50:14.304N,17:42.558E,260M,T,FULSTEJN ZR,
1200,49:42.408N,17:42.918E,560M,T,SPALOV ZAM,
1201,49:58.642N,17:43.050E,365M,T,VELKE HERALTICE,
1202,48:37.220N,17:43.224E,183M,T,VRBOVE,
1203,49:33.232N,17:43.645E,250M,T,HRANICE,
1204,49:54.252N,17:44.040E,336M,T,LITULTOVICE ZAM,
1205,49:18.342N,17:44.274E,488M,T,LUKOV ZR,
1206,49:46.728N,17:45.008E,476M,T,VITKOV,
1207,49:33.740N,17:45.400E,270M,T,KOMINY ,
1208,49:24.117N,17:45.453E,756M,T,KELCSKY JAVORNIK,
1209,49:33.740N,17:45.600E,277M,T,KOMIN ,
1210,49:33.740N,17:45.700E,275M,T,KOMIN ,
1211,49:33.723N,17:45.733E,275M,T,KOMINY,
1212,48:43.596N,17:45.912E,351M,T,CACHTICKY HRAD,
1213,49:48.570N,17:46.098E,449M,T,VIKSTEJN ZR,
1214,49:39.123N,17:47.083E,533M,T,WIND POWER PL,
1215,49:38.907N,17:47.250E,531M,T,WIND POWER PL,
1216,49:02.166N,17:47.838E,317M,T,BOJKOVICE ZAMEK,
1217,48:25.656N,17:48.002E,174M,T,HLOHOVEC,
1218,49:40.640N,17:49.150E,293M,T,KOMIN ,
1219,49:40.390N,17:49.450E,295M,T,KOMIN ,
1220,48:35.199N,17:49.503E,157M,T,PIESTANY,
1221,50:12.139N,17:49.595E,273M,T,GLUBCZYCE,
1222,49:39.945N,17:49.731E,300M,T,ODRY,
1223,48:45.800N,17:50.043E,182M,T,N.MESTO NAD VAH.,
1224,49:13.277N,17:50.504E,287M,T,VIZOVICE,
1225,50:21.243N,17:51.378E,193M,T,GLOGOWEK,
1226,49:57.873N,17:51.883E,259M,T,KOMIN ,
1227,49:52.188N,17:53.058E,324M,T,HRADEC N.M TV,
1228,48:47.485N,17:53.966E,233M,T,BECKOV,
1229,49:56.292N,17:54.195E,261M,T,OPAVA,
1230,49:43.128N,17:54.462E,281M,T,FULNEK,
1231,49:06.257N,17:54.533E,365M,T,KOMIN ,
1232,49:37.134N,17:54.540E,260M,T,JESENIK ZAM,
1233,49:29.923N,17:56.983E,281M,T,KOMIN ,
1234,49:28.582N,17:58.045E,294M,T,VAL.MEZIRICI,
1235,49:20.873N,17:58.583E,339M,T,KOMIN ,
1236,49:37.123N,17:59.183E,260M,T,KOMIN,
1237,49:20.359N,17:59.417E,345M,T,VSETIN,
1238,49:08.574N,17:59.895E,441M,T,VALASSKE KLOBOUK,
1239,49:36.220N,18:00.445E,268M,T,NOVY JICIN,
1240,49:36.473N,18:00.450E,270M,T,KOMIN ,
1241,49:35.573N,18:00.783E,288M,T,KOMIN ,
1242,49:05.455N,18:01.065E,348M,T,BRUMOV,
1243,49:02.569N,18:01.633E,382M,T,SVATY STEPAN,
1244,48:39.378N,18:02.172E,511M,T,TOPOLCIANSKY HRA,
1245,48:53.696N,18:02.535E,293M,T,TRENCIN,
1246,49:49.992N,18:02.748E,374M,T,KYJOVICE ZAM,
1247,49:42.648N,18:02.928E,243M,T,STUDENKA,
1248,49:21.040N,18:02.950E,449M,T,KOMIN ,
1249,49:42.187N,18:03.009E,234M,T,SILO,
1250,49:42.127N,18:03.074E,231M,T,SILO,
1251,49:27.957N,18:05.167E,351M,T,KOMIN ,
1252,49:27.890N,18:07.117E,367M,T,KOMINY ,
1253,50:25.364N,18:07.561E,184M,T,ZDZIESZOWICE,
1254,49:27.754N,18:08.322E,376M,T,ROZNOV POD RADHO,
1255,49:36.407N,18:08.783E,315M,T,KOMINY ,
1256,49:36.372N,18:09.090E,314M,T,KOPRIVNICE,
1257,48:33.681N,18:10.218E,170M,T,TOPOLCANY,
1258,49:53.388N,18:10.294E,212M,T,HLUCIN JEZERO,
1259,50:20.912N,18:10.437E,170M,T,KEDZIERZYN KOZLE,
1260,49:41.442N,18:10.500E,250M,T,TRNAVKA ZAM,
1261,49:49.854N,18:10.602E,239M,T,OSTRAVA PORUBA,
1262,49:53.904N,18:10.764E,229M,T,HLUCIN ZAM,
1263,49:52.230N,18:11.382E,210M,T,RYCHVALD ZAM,
1264,50:05.341N,18:11.563E,209M,T,RACIBORZ,
1265,49:20.499N,18:11.682E,450M,T,NOVY HROZENKOV,
1266,49:53.943N,18:11.937E,246M,T,SILO,
1267,49:53.943N,18:11.941E,246M,T,SILO,
1268,49:50.157N,18:12.367E,209M,T,KOMINY ,
1269,49:51.923N,18:12.433E,274M,T,STOZAR,
1270,49:37.752N,18:12.726E,311M,T,HUKVALDY ZAM,
1271,49:29.623N,18:13.071E,1062M,T,RADHOST TV,
1272,48:54.180N,18:13.167E,318M,T,OMSENIE,
1273,48:59.839N,18:13.411E,249M,T,ILAVA,
1274,49:50.657N,18:13.767E,207M,T,KOMIN ,
1275,49:21.132N,18:13.774E,488M,T,STANOVICE HRAZ,
1276,48:34.750N,18:14.050E,167M,T,BOSANY KOMIN,
1277,48:40.387N,18:15.405E,187M,T,RYBANY SILA,
1278,50:20.261N,18:15.451E,188M,T,BLACHOWNIA WYSPA,
1279,48:43.323N,18:15.520E,214M,T,BANOVCE N.BEBR.,
1280,49:38.058N,18:15.540E,581M,T,KUBANKOV TV,
1281,49:49.190N,18:16.100E,229M,T,KOMIN ,
1282,49:51.857N,18:16.217E,202M,T,KOMIN ,
1283,49:51.807N,18:16.450E,205M,T,KOMIN ,
1284,49:48.790N,18:16.500E,220M,T,KOMINY ,
1285,49:50.764N,18:16.692E,208M,T,OSTRAVA,
1286,48:43.591N,18:16.799E,216M,T,BANOVCE FABRIKA,
1287,49:01.686N,18:16.962E,246M,T,LADCE KOMIN,
1288,49:43.090N,18:17.100E,261M,T,KOMIN ,
1289,48:28.794N,18:17.154E,543M,T,CIERNY HRAD ZR,
1290,49:52.157N,18:17.350E,199M,T,KOMIN ,
1291,49:51.907N,18:17.517E,209M,T,KOMIN ,
1292,49:52.023N,18:17.700E,206M,T,KOMIN ,
1293,50:12.152N,18:18.154E,185M,T,KUZNIA RACIBOR.,
1294,49:47.907N,18:18.517E,230M,T,KOMIN ,
1295,49:47.157N,18:18.533E,236M,T,KOMIN ,
1296,49:48.890N,18:18.650E,224M,T,KOMIN ,
1297,49:47.990N,18:18.783E,228M,T,KOMIN ,
1298,49:48.207N,18:18.783E,226M,T,KOMIN ,
1299,49:47.790N,18:19.017E,232M,T,KOMINY ,
1300,49:07.274N,18:19.019E,261M,T,PUCHOV,
1301,49:42.123N,18:19.183E,268M,T,KOMIN ,
1302,49:47.540N,18:19.467E,227M,T,KOMIN ,
1303,50:01.380N,18:19.796E,218M,T,SYRYNIA,
1304,49:24.912N,18:20.286E,685M,T,HORNI BECVA TV,
1305,49:54.636N,18:20.476E,197M,T,BOHUMIN,
1306,49:40.907N,18:20.666E,286M,T,FRYDEK-MISTEK,
1307,49:53.790N,18:20.833E,198M,T,KOMIN ,
1308,49:35.438N,18:21.020E,358M,T,FRYDLANT N.OSTR.,
1309,48:45.330N,18:22.458E,496M,T,UHROVEC ZR,
1310,48:37.704N,18:22.563E,190M,T,PARTIZANSKE,
1311,50:02.834N,18:22.586E,255M,T,PSZOW,
1312,48:53.397N,18:23.364E,453M,T,VALASKA BELA,
1313,48:23.367N,18:23.443E,187M,T,ZLATE MORAVCE,
1314,49:47.180N,18:25.416E,269M,T,HAVIROV,
1315,49:07.373N,18:25.541E,280M,T,POVAZSKA BYST.,
1316,48:29.454N,18:25.596E,437M,T,HRUSOV ZR,
1317,49:45.522N,18:26.292E,266M,T,BLUDOVICE ZAM,
1318,49:32.859N,18:26.512E,1156M,T,LYSA HORA TV,
1319,49:44.094N,18:26.760E,279M,T,STARA VES ZAM,
1320,50:03.369N,18:27.018E,283M,T,RYDULTOWY,
1321,49:08.916N,18:27.114E,386M,T,POVAZSKY HRAD,
1322,49:54.373N,18:27.733E,205M,T,KOMINY ,
1323,49:54.359N,18:27.759E,205M,T,EL.DETMAROVICE,
1324,49:54.573N,18:27.783E,205M,T,KOMIN ,
1325,48:43.607N,18:27.793E,258M,T,NITRIANSKE SUCAN,
1326,49:54.557N,18:27.867E,206M,T,KOMIN ,
1327,49:54.273N,18:27.933E,205M,T,KOMINY ,
1328,50:00.113N,18:28.171E,233M,T,WODZISLAW,
1329,50:23.296N,18:28.290E,192M,T,PLAWNIOWICE,
1330,49:49.607N,18:28.383E,266M,T,KOMIN ,
1331,49:12.702N,18:28.968E,364M,T,JASENICA ZAM,
1332,50:20.061N,18:29.109E,228M,T,BOSZOW,
1333,49:50.857N,18:29.483E,226M,T,KOMIN ,
1334,48:57.366N,18:30.846E,654M,T,CICMANY ZAM,
1335,49:51.784N,18:32.155E,235M,T,KARVINA,
1336,49:49.457N,18:32.350E,258M,T,KOMINY ,
1337,50:05.973N,18:32.475E,233M,T,RYBNIK,
1338,49:49.307N,18:32.517E,266M,T,TOWER,
1339,49:51.990N,18:32.567E,237M,T,KOMIN ,
1340,49:54.408N,18:33.138E,256M,T,PRSTNA ZAM,
1341,49:41.166N,18:33.324E,345M,T,HNOJNIK ZAM,
1342,50:25.265N,18:34.276E,238M,T,PACZYNA,
1343,49:46.278N,18:34.368E,325M,T,CHOTEBUZ ZAM,
1344,49:10.626N,18:34.716E,460M,T,SULOV ZR,
1345,50:21.730N,18:36.382E,214M,T,LABEDY,
1346,49:12.432N,18:36.786E,572M,T,HRICOV ZR,
1347,49:44.872N,18:36.928E,280M,T,CES.TESIN,
1348,48:39.120N,18:36.937E,838M,T,BYSTRG TV,
1349,49:37.770N,18:37.344E,782M,T,JAVOROVE TV,
1350,49:24.309N,18:37.409E,472M,T,TURZOVKA,
1351,48:46.469N,18:37.482E,272M,T,PRIEVIDZA,
1352,50:24.382N,18:37.519E,230M,T,PYSKOWICE,
1353,49:42.240N,18:37.717E,299M,T,KOMIN ,
1354,48:51.629N,18:37.958E,332M,T,NITRIANSKE PRAVN,
1355,49:05.339N,18:38.194E,451M,T,RAJEC,
1356,49:41.257N,18:38.533E,314M,T,KOMIN ,
1357,49:41.516N,18:39.168E,300M,T,TRINEC,
1358,50:18.259N,18:39.989E,215M,T,GLIWICE,
1359,50:24.415N,18:42.618E,260M,T,KAMIENIEC PALAC,
1360,49:59.363N,18:43.066E,262M,T,PAWLOWICE,
